# Blender v2.79 (sub 0) OBJ File: 'pirate.obj'
# www.blender.org
mtllib pirate.mtl
o pirate
v -0.039995 0.241634 0.091570
v -0.021643 0.334295 0.103312
v -0.168799 0.254453 0.162602
v 0.000000 0.951629 0.127628
v -0.087850 0.953068 0.105644
v -0.087850 0.895340 0.120586
v -0.168474 0.730302 0.039591
v -0.118048 0.731871 0.150311
v -0.108564 0.817940 0.136258
v -0.094994 0.402446 0.035353
v -0.097211 0.402699 0.069611
v -0.124139 0.191052 0.049921
v 0.039995 0.241634 0.091570
v 0.168799 0.254453 0.162602
v 0.021643 0.334295 0.103312
v 0.126632 0.406042 0.075107
v 0.143344 0.407940 0.048426
v 0.168674 0.254751 0.161837
v 0.108564 0.817940 0.136258
v 0.000000 0.813149 0.157418
v 0.000000 0.757348 0.172156
v 0.198804 0.255894 -0.077062
v 0.160507 0.477665 -0.053143
v 0.267645 0.261542 0.039479
v 0.211610 0.541110 0.049102
v 0.138446 0.534045 0.155355
v 0.225875 0.480032 0.046861
v 0.113188 0.016781 0.239513
v 0.103478 -0.002768 0.146156
v 0.113366 -0.002688 0.239513
v 0.130238 0.061704 0.069467
v 0.115827 0.038595 0.065941
v 0.105134 0.039857 0.064888
v 0.122124 0.190823 0.020677
v 0.149394 0.193921 0.013429
v 0.132321 0.103292 0.002470
v 0.623101 1.061797 0.033219
v 0.657869 1.061797 0.067986
v 0.657869 1.089373 0.033219
v 0.582554 0.907273 0.047009
v 0.620193 0.888545 0.047009
v 0.657557 0.909696 0.056834
v 0.732751 0.907273 0.019242
v 0.695174 0.888545 0.019242
v 0.657557 0.909696 0.009603
v 0.695236 0.888545 0.046989
v 0.691323 0.888585 0.033180
v 0.657588 0.888585 0.009603
v 0.620254 0.888545 0.019280
v 0.623853 0.888585 0.033180
v 0.657588 0.888585 0.056834
v 0.000008 1.280415 0.137469
v 0.042015 1.308061 0.098697
v 0.000000 1.334804 0.050134
v 0.048258 1.342871 0.027506
v 0.059293 1.334313 0.042753
v 0.061810 1.350443 -0.003334
v 0.097038 1.546451 -0.042474
v 0.077144 1.601245 -0.059736
v 0.093550 1.573405 -0.019681
v 0.080296 1.397162 0.045362
v 0.051587 1.347962 0.106064
v 0.000000 1.388680 0.049446
v 0.103088 1.413186 0.018065
v 0.116061 1.451844 0.013421
v 0.084101 1.471936 0.006809
v 0.116649 1.487613 -0.003666
v 0.086488 1.502371 0.007476
v 0.095029 1.541998 0.004713
v 0.082528 1.532789 0.015266
v 0.103673 1.508119 -0.005120
v 0.083749 1.488515 0.043636
v 0.081795 1.459226 0.042632
v 0.063403 1.425155 0.090569
v 0.057443 1.454291 0.088188
v 0.029015 1.439427 0.127368
v 0.027006 1.460608 0.123460
v 0.016827 1.484723 0.118399
v 0.000000 1.460243 0.134292
v 0.029418 1.546019 0.124014
v 0.063058 1.571607 0.108767
v 0.022944 1.572053 0.126888
v 0.036999 1.413875 0.139302
v 0.047104 1.354985 0.141724
v 0.046416 1.479044 0.100186
v 0.044410 1.610445 0.012938
v 0.058655 1.605405 0.075917
v 0.071273 1.594146 0.000192
v 0.003619 1.483591 0.158948
v 0.000000 1.483524 0.162366
v 0.000000 1.478361 0.152726
v 0.013836 1.528477 0.107851
v 0.025762 1.541615 0.108617
v 0.016657 1.533349 0.132327
v 0.019718 1.519020 0.108227
v 0.029244 1.532316 0.058805
v 0.071904 1.559487 0.052615
v 0.073716 1.570176 0.061904
v 0.064007 1.556900 0.108982
v -0.063204 1.407812 0.002848
v -0.059128 1.354059 -0.024750
v -0.061810 1.350443 -0.003334
v -0.080296 1.397162 0.045362
v -0.048647 1.395699 0.029907
v -0.059128 1.436167 -0.020252
v -0.081670 1.521062 -0.046227
v -0.032989 1.426123 -0.040701
v 0.000000 1.621771 0.024544
v 0.000000 1.632489 0.021272
v -0.044410 1.610445 0.012938
v -0.116061 1.451844 0.013421
v -0.103088 1.413186 0.018065
v -0.081822 1.573813 -0.011551
v -0.095029 1.541998 0.004713
v -0.081962 1.550984 0.010300
v -0.081795 1.459226 0.042632
v -0.083749 1.488515 0.043636
v -0.086488 1.502371 0.007476
v -0.027006 1.460608 0.123460
v -0.029015 1.439427 0.127368
v -0.016657 1.533349 0.132327
v -0.005652 1.528924 0.133200
v -0.009086 1.534694 0.137397
v -0.073701 1.586699 0.042275
v -0.073716 1.570176 0.061904
v -0.063058 1.571607 0.108767
v -0.022957 1.509338 0.122462
v -0.015937 1.510448 0.131189
v -0.011722 1.517837 0.128395
v -0.015470 1.503159 0.140975
v -0.014090 1.495874 0.144123
v -0.011405 1.497339 0.161570
v 0.847149 1.184491 0.025871
v 0.849257 1.231714 0.060259
v 0.843059 1.208365 0.070419
v 0.727016 1.209266 -0.038363
v 0.757473 1.229133 -0.046538
v 0.739689 1.201326 -0.035727
v 0.701525 1.254959 0.063092
v 0.707010 1.232916 0.085480
v 0.715841 1.226021 0.069497
v 0.747855 1.200441 0.121413
v 0.742461 1.191264 0.138172
v 0.748699 1.193204 0.131513
v 0.361308 1.291748 -0.027193
v 0.372181 1.275920 0.019207
v 0.373740 1.289269 -0.025364
v 0.355173 1.233900 -0.071077
v 0.354514 1.172634 -0.003976
v 0.269081 1.239153 -0.068088
v 0.180676 1.129891 0.001007
v 0.104529 1.053302 0.134385
v 0.163085 1.057949 0.005847
v -0.843059 1.208365 0.070419
v -0.849257 1.231714 0.060259
v -0.847149 1.184491 0.025871
v -0.727016 1.209266 -0.038363
v -0.739689 1.201326 -0.035727
v -0.757473 1.229133 -0.046538
v -0.701525 1.254959 0.063092
v -0.715841 1.226021 0.069497
v -0.707010 1.232916 0.085480
v -0.747855 1.200441 0.121413
v -0.748699 1.193204 0.131513
v -0.742461 1.191264 0.138172
v -0.421312 1.221806 0.051789
v -0.607071 1.212227 0.027669
v -0.432604 1.183588 0.001243
v -0.419625 1.278494 0.029708
v -0.606833 1.248453 0.036319
v -0.359336 1.279785 0.020438
v -0.361308 1.291748 -0.027193
v -0.372181 1.275920 0.019207
v -0.059293 1.334313 0.042753
v -0.169455 1.307037 0.032998
v -0.042015 1.308061 0.098697
v -0.087980 1.487880 -0.001030
v -0.084230 1.491531 0.046852
v -0.088119 1.492400 -0.001464
v -0.047419 1.525095 0.116827
v -0.055817 1.497821 0.094896
v -0.036073 1.497385 0.114048
v -0.041445 1.467460 -0.187758
v -0.024291 1.456843 -0.176779
v -0.049635 1.456673 -0.169209
v 0.039910 1.423178 -0.172601
v 0.049756 1.441956 -0.164770
v 0.048100 1.419116 -0.151532
v -0.052732 0.338172 -0.033667
v -0.067640 0.245081 -0.030234
v -0.130126 -0.002532 0.048056
v -0.217671 -0.002018 -0.006784
v -0.115487 -0.002954 -0.021779
v -0.165217 -0.002498 -0.061688
v -0.218524 -0.001722 0.217651
v -0.113366 -0.002688 0.239513
v -0.113188 0.016781 0.239513
v -0.103478 -0.002768 0.146156
v -0.115827 0.038595 0.065941
v -0.142766 0.017052 0.049461
v -0.117446 0.052539 -0.025306
v -0.133478 0.016967 -0.017581
v -0.149394 0.193921 0.013429
v -0.122124 0.190823 0.020677
v -0.132321 0.103292 0.002470
v -0.133984 0.103307 0.026452
v 0.052732 0.338172 -0.033667
v 0.067640 0.245081 -0.030234
v 0.130126 -0.002532 0.048056
v 0.115487 -0.002954 -0.021779
v 0.217671 -0.002018 -0.006784
v 0.165217 -0.002498 -0.061688
v 0.214390 0.017699 0.045849
v 0.217494 0.017451 -0.006784
v 0.199149 0.017568 -0.002212
v 0.164118 0.017247 -0.042416
v 0.129947 0.016938 0.048056
v 0.142766 0.017052 0.049461
v 0.208286 0.063936 0.148492
v 0.115125 0.047363 0.207373
v 0.217808 0.042357 0.195598
v 0.133984 0.103307 0.026452
v 0.157005 0.097436 0.030298
v 0.636193 0.905709 0.033219
v 0.657869 0.905709 0.011544
v 0.657869 0.905709 0.054894
v 0.679544 0.905709 0.033219
v 0.732875 0.907273 0.046989
v 0.754324 0.865049 0.042321
v 0.754165 0.865049 0.023917
v 0.735144 0.851769 0.023917
v 0.735271 0.851769 0.042321
v 0.582675 0.907273 0.019280
v 0.561105 0.865049 0.042334
v 0.561261 0.865049 0.023943
v 0.580158 0.851769 0.042334
v 0.580283 0.851769 0.023943
v 0.712628 0.888545 0.046989
v 0.712538 0.888545 0.019242
v 0.602889 0.888545 0.019280
v 0.602801 0.888545 0.047009
v 0.000788 0.863515 0.151628
v 0.043080 0.880930 0.143520
v 0.029270 0.893667 0.149189
v 0.040879 0.920535 0.140032
v 0.000290 0.972479 0.148613
v -0.038021 0.959543 0.131363
v -0.024797 0.946074 0.140829
v -0.037402 0.921196 0.140032
v 0.000000 1.415980 -0.049648
v 0.032989 1.426123 -0.040701
v 0.032989 1.357765 -0.043526
v 0.059128 1.354059 -0.024750
v 0.047783 1.622448 0.008439
v 0.102419 1.542310 -0.004410
v 0.102279 1.559105 -0.020058
v 0.073701 1.586699 0.042275
v 0.000000 1.413036 0.149295
v 0.038293 1.418195 0.145848
v 0.022957 1.509338 0.122462
v 0.050102 1.499846 0.100446
v 0.078054 1.515423 0.046853
v 0.015470 1.503159 0.140975
v 0.014090 1.495874 0.144123
v 0.021979 1.497761 0.133328
v 0.011449 1.517683 0.137620
v 0.015937 1.510448 0.131189
v 0.011722 1.517837 0.128395
v 0.009086 1.534694 0.137397
v 0.014937 1.537506 0.136528
v -0.075820 1.603389 -0.005668
v -0.093550 1.573405 -0.019681
v -0.077145 1.601245 -0.059736
v -0.102419 1.542310 -0.004410
v -0.102279 1.559105 -0.020058
v -0.097038 1.546451 -0.042474
v -0.016827 1.484723 0.118399
v -0.021979 1.497761 0.133328
v -0.024497 1.493392 0.115911
v 0.775724 1.200792 -0.040472
v 0.804640 1.160369 -0.017513
v 0.772743 1.179480 -0.029674
v 0.835456 1.163199 0.032696
v 0.169455 1.307037 0.032998
v -0.111413 0.953668 -0.021230
v -0.131593 0.959570 0.019021
v -0.163085 1.057949 0.005847
v -0.104529 1.053302 0.134385
v -0.060512 1.551932 0.092730
v -0.041746 1.546867 0.109186
v -0.020364 1.535786 0.123780
v -0.025947 1.482772 -0.181741
v -0.051292 1.482602 -0.174171
v -0.041244 1.499929 -0.111296
v -0.039192 1.466151 -0.106133
v -0.012691 1.502025 -0.044412
v 0.002695 1.502025 -0.049010
v -0.008445 1.500424 -0.121083
v -0.006394 1.466647 -0.115920
v -0.012691 1.485965 -0.044412
v 0.002695 1.485965 -0.049010
v 0.011156 1.504824 -0.040129
v 0.005643 1.482395 -0.110727
v -0.004231 1.504824 -0.044727
v 0.003592 1.452015 -0.095087
v 0.011156 1.488764 -0.040129
v -0.004231 1.488764 -0.044727
v -0.168674 0.254751 0.161837
v -0.147497 0.472206 0.154499
v -0.267645 0.261542 0.039479
v -0.225875 0.480032 0.046861
v -0.160507 0.477665 -0.053143
v -0.019879 0.569002 0.132710
v -0.024977 0.519719 0.122325
v -0.040667 0.569019 -0.016399
v -0.047066 0.519735 -0.017997
v -0.150920 0.533600 -0.049858
v -0.164118 0.017247 -0.042416
v -0.217494 0.017451 -0.006784
v -0.199149 0.017568 -0.002212
v -0.214390 0.017699 0.045849
v -0.201627 0.017590 0.049461
v -0.130238 0.061704 0.069467
v -0.105134 0.039857 0.064888
v -0.129947 0.016938 0.048056
v -0.121812 0.067037 0.151582
v -0.208286 0.063936 0.148492
v -0.115125 0.047363 0.207373
v -0.217808 0.042357 0.195598
v -0.221442 0.041240 0.061197
v -0.228404 0.017842 0.144469
v -0.228582 -0.001627 0.144469
v 0.019879 0.569002 0.132710
v 0.133030 0.582969 0.151889
v 0.118048 0.731871 0.150311
v 0.200932 0.589587 0.046689
v 0.168474 0.730302 0.039591
v 0.231234 0.036242 0.144776
v 0.218346 0.017747 0.217651
v 0.228404 0.017842 0.144469
v 0.218524 -0.001722 0.217651
v 0.228582 -0.001627 0.144469
v 0.692636 1.061797 0.033219
v 0.657869 1.061797 -0.001548
v 0.657588 0.567566 0.033219
v 0.657588 0.701959 0.009603
v 0.687950 0.701959 0.033219
v 0.627227 0.701959 0.033219
v 0.657588 0.701959 0.056834
v 0.000000 1.481023 -0.047417
v 0.044878 1.488662 -0.047941
v 0.081670 1.521062 -0.046227
v 0.059128 1.436167 -0.020252
v 0.075820 1.603389 -0.005668
v 0.081822 1.573813 -0.011551
v 0.082884 1.448557 0.020027
v 0.081962 1.550984 0.010300
v 0.000000 1.438510 0.155457
v 0.000000 1.418268 0.162034
v 0.038813 1.437173 0.143545
v 0.008529 1.483781 0.143671
v 0.000000 1.479085 0.133974
v 0.025821 1.513336 0.107997
v 0.045351 1.510537 0.097935
v 0.056503 1.529016 0.087598
v 0.048461 1.541236 0.099826
v 0.005652 1.528924 0.133200
v -0.082528 1.532789 0.015266
v -0.103673 1.508119 -0.005120
v -0.071904 1.559487 0.052615
v -0.078054 1.515423 0.046853
v -0.050102 1.499846 0.100446
v -0.057443 1.454291 0.088188
v -0.046416 1.479044 0.100186
v -0.029418 1.546019 0.124014
v -0.022944 1.572053 0.126888
v 0.000000 1.546302 0.141377
v 0.000000 1.570904 0.131208
v 0.000000 1.353203 0.162985
v -0.047104 1.354985 0.141724
v -0.034572 1.413875 0.139302
v -0.063403 1.425155 0.090569
v 0.000000 1.441400 0.134609
v -0.038813 1.437173 0.143545
v -0.038293 1.418195 0.145848
v -0.071273 1.594146 0.000192
v -0.058655 1.605405 0.075917
v -0.031657 1.609307 0.099991
v -0.003619 1.483591 0.158948
v -0.008529 1.483781 0.143671
v -0.064007 1.556900 0.108982
v 0.741205 1.175878 0.133281
v 0.738633 1.196393 0.136183
v 0.736832 1.170912 0.129543
v 0.721027 1.204145 0.123881
v 0.718610 1.181434 0.114390
v 0.703867 1.183497 0.084211
v 0.695924 1.186257 0.105262
v 0.671969 1.185062 0.036346
v 0.664190 1.193799 0.083211
v 0.619961 1.211815 0.027246
v 0.360780 1.291444 0.029294
v 0.359336 1.279785 0.020438
v 0.359313 1.231666 0.047788
v 0.360240 1.233133 0.038566
v 0.360814 1.302925 -0.034279
v 0.264636 1.307720 -0.042693
v 0.205814 1.311186 -0.061295
v 0.087489 0.953079 0.105408
v 0.131593 0.959570 0.019021
v 0.000000 1.137691 0.184283
v 0.111375 1.139669 0.143488
v 0.094159 1.229692 0.142234
v 0.165274 1.241559 0.074649
v -0.835456 1.163199 0.032696
v -0.804640 1.160369 -0.017513
v -0.772743 1.179480 -0.029674
v -0.775724 1.200792 -0.040472
v -0.745531 1.178619 0.116759
v -0.735557 1.182205 0.098219
v -0.736832 1.170912 0.129543
v -0.718610 1.181434 0.114390
v -0.721027 1.204145 0.123881
v -0.619961 1.211815 0.027246
v -0.664190 1.193799 0.083211
v -0.671969 1.185062 0.036346
v -0.695924 1.186257 0.105262
v -0.703867 1.183497 0.084211
v -0.105479 1.061360 -0.056588
v -0.180676 1.129891 0.001007
v -0.114445 1.126590 -0.062469
v -0.168456 1.240603 -0.091818
v -0.095271 1.244888 -0.097801
v 0.041746 1.515348 0.103954
v 0.048722 1.527906 0.101905
v 0.035877 1.527929 0.109695
v 0.041766 1.540482 0.103913
v 0.027833 1.540499 0.107971
v 0.020857 1.527941 0.110018
v 0.027814 1.515365 0.108010
v -0.029091 1.216322 0.134539
v -0.012799 1.237629 0.177662
v -0.015839 1.244151 0.165143
v 0.026999 1.270427 0.158625
v 0.017326 1.262917 0.149279
v 0.029448 1.217076 0.137415
v 0.007360 1.239169 0.178121
v 0.004426 1.231282 0.165259
v -0.029271 1.267895 0.156545
v -0.027254 1.258309 0.146169
v -0.171679 0.100177 0.011621
v -0.157922 0.097445 -0.003472
v -0.209923 0.052946 -0.005250
v -0.161302 0.049039 -0.045985
v -0.157005 0.097436 0.030298
v -0.212720 0.035811 0.065941
v -0.189364 0.082634 0.074019
v -0.231234 0.036242 0.144776
v -0.218346 0.017747 0.217651
v 0.212720 0.035811 0.065941
v 0.201627 0.017590 0.049461
v 0.209923 0.052946 -0.005250
v 0.161302 0.049039 -0.045985
v 0.189364 0.082634 0.074019
v 0.221442 0.041240 0.061197
v 0.024497 1.493392 0.115911
v 0.030468 1.538086 0.122185
v -0.044878 1.488662 -0.047941
v -0.084680 1.544098 -0.082974
v -0.046802 1.537284 -0.103636
v -0.116649 1.487613 -0.003666
v -0.084101 1.471936 0.006809
v -0.082884 1.448557 0.020027
v 0.000000 1.609765 0.106530
v 0.031657 1.609307 0.099991
v -0.014937 1.537506 0.136528
v -0.030468 1.538086 0.122185
v 0.735557 1.182205 0.098219
v 0.745531 1.178619 0.116759
v 0.747107 1.178161 0.128303
v 0.279829 1.171997 -0.003976
v 0.220780 1.169894 -0.003976
v 0.204304 1.241011 -0.071812
v 0.187069 1.167369 -0.003760
v 0.168456 1.240603 -0.091818
v -0.738633 1.196393 0.136183
v -0.741205 1.175878 0.133281
v -0.747107 1.178161 0.128303
v -0.206343 1.298824 0.032864
v -0.260406 1.296239 0.034364
v -0.206470 1.237776 0.060088
v -0.270215 1.236051 0.055710
v -0.220780 1.169894 -0.003976
v -0.279829 1.171997 -0.003976
v -0.087489 0.953079 0.105408
v 0.000000 1.053096 0.167027
v -0.165274 1.241559 0.074649
v -0.094159 1.229692 0.142234
v 0.000000 1.227103 0.171587
v -0.023074 1.511727 0.124449
v -0.018294 1.521608 0.124897
v -0.013262 1.529289 0.132700
v -0.132136 0.901858 0.018901
v -0.132136 0.959586 0.018901
v -0.116501 0.895941 -0.026615
v -0.111705 0.953668 -0.021230
v 0.000000 0.895326 -0.042550
v -0.138446 0.534045 0.155355
v -0.133030 0.582969 0.151889
v -0.211610 0.541110 0.049102
v -0.200932 0.589587 0.046689
v -0.141007 0.582316 -0.047163
v -0.031112 0.459330 0.114601
v -0.040730 0.242017 0.091279
v -0.051151 0.464090 -0.022392
v -0.068191 0.245441 -0.029712
v -0.198804 0.255894 -0.077062
v -0.214568 -0.001770 0.045849
v -0.115309 0.016516 -0.021779
v -0.165039 0.016971 -0.061688
v -0.093777 0.032843 0.146662
v -0.103300 0.016701 0.146156
v 0.147497 0.472206 0.154499
v 0.024977 0.519719 0.122325
v 0.031112 0.459330 0.114601
v 0.047066 0.519735 -0.017997
v 0.051151 0.464090 -0.022392
v 0.214568 -0.001770 0.045849
v 0.165039 0.016971 -0.061688
v 0.115309 0.016516 -0.021779
v 0.133478 0.016967 -0.017581
v 0.117446 0.052539 -0.025306
v 0.004438 0.910799 0.118239
v 0.011011 0.922198 0.129399
v -0.045637 0.910799 0.147735
v -0.030931 0.922198 0.154105
v -0.045637 0.933597 0.147735
v 0.004438 0.933597 0.118239
v 0.063204 1.407812 0.002848
v 0.048647 1.395699 0.029907
v -0.048258 1.342871 0.027506
v 0.079890 1.405464 0.004010
v 0.085536 1.434111 -0.027263
v 0.110453 1.439100 -0.023823
v 0.096092 1.496352 -0.049509
v 0.122536 1.493051 -0.042880
v 0.103019 1.514132 -0.034450
v 0.115668 1.512367 -0.034156
v 0.077835 1.405013 0.071221
v -0.115668 1.512367 -0.034156
v -0.103019 1.514132 -0.034450
v -0.122536 1.493051 -0.042880
v -0.096092 1.496352 -0.049509
v -0.110453 1.439100 -0.023823
v -0.085536 1.434111 -0.027263
v -0.079890 1.405464 0.004010
v -0.055121 1.550943 0.093147
v -0.025791 1.534702 0.113438
v -0.016163 1.523749 0.118424
v 0.731183 1.220100 0.029107
v 0.741516 1.231485 0.070083
v 0.741205 1.257327 0.060908
v 0.747688 1.265609 0.024099
v 0.618335 1.265415 0.005991
v -0.618335 1.265415 0.005991
v -0.747688 1.265609 0.024099
v -0.741205 1.257327 0.060908
v -0.741516 1.231485 0.070083
v -0.731183 1.220100 0.029107
v 0.000000 0.953058 -0.031392
v 0.000000 1.061415 -0.064007
v 0.000000 1.126666 -0.075957
v 0.000000 1.240404 -0.098083
v -0.005492 1.232631 0.166926
v 0.027673 1.251397 0.151063
v 0.024571 1.251979 0.108871
v 0.012955 1.239567 0.162791
v -0.018725 1.266594 0.143701
v -0.021813 1.260807 0.106527
v -0.186293 0.062217 0.069467
v 0.121812 0.067037 0.151582
v 0.093777 0.032843 0.146662
v 0.103300 0.016701 0.146156
v 0.186293 0.062217 0.069467
v 0.171679 0.100177 0.011621
v 0.157922 0.097445 -0.003472
v -0.056928 0.922227 0.128462
v -0.041006 0.881925 0.143520
v -0.026787 0.894329 0.149189
v 0.001075 0.882057 0.154126
v 0.000743 0.954699 0.148613
v 0.025621 0.948730 0.140829
v 0.037606 0.963524 0.131363
v 0.060494 0.921232 0.128462
v 0.048153 1.618949 -0.053710
v 0.000000 1.629221 -0.047438
v 0.000000 1.535391 0.139729
v 0.000000 1.529050 0.133826
v 0.006111 1.518653 0.146860
v 0.000000 1.518942 0.146689
v -0.032989 1.357765 -0.043526
v 0.000000 1.357766 -0.059224
v -0.166493 0.348712 0.183194
v -0.278542 0.356401 0.044668
v -0.268434 0.261290 0.039423
v -0.200604 0.350006 -0.087273
v -0.199131 0.255604 -0.077902
v -0.150894 0.194092 0.054612
v -0.126632 0.406042 0.075107
v -0.166093 0.195818 0.031837
v -0.143344 0.407940 0.048426
v -0.124982 0.405854 0.026862
v -0.033260 1.010646 0.169077
v -0.122865 1.012091 0.146984
v -0.167151 1.011636 0.018901
v -0.105094 1.005718 -0.069045
v -0.125329 0.080757 0.075502
v 0.199131 0.255604 -0.077902
v 0.200604 0.350006 -0.087273
v 0.268434 0.261290 0.039423
v 0.278542 0.356401 0.044668
v 0.166493 0.348712 0.183194
v 0.116501 0.895941 -0.026615
v 0.132136 0.901858 0.018901
v 0.159344 0.820440 0.026225
v 0.087850 0.895340 0.120586
v 0.000000 0.893895 0.142679
v 0.123736 1.540338 -0.043684
v 0.111562 1.557356 -0.038821
v -0.123736 1.540338 -0.043684
v -0.111562 1.557356 -0.038821
v 0.371794 1.230034 0.039387
v 0.354539 1.186388 -0.003859
v 0.373414 1.186289 -0.005898
v 0.354883 1.232959 -0.060504
v 0.371695 1.235743 -0.064854
v -0.726762 1.236316 -0.042249
v -0.659600 1.242085 -0.035992
v -0.660065 1.195091 -0.034355
v -0.621735 1.231244 -0.017597
v -0.620255 1.207314 -0.008878
v -0.606947 1.231075 -0.020153
v -0.607119 1.204901 -0.007369
v -0.431211 1.231921 -0.054764
v -0.622707 1.246460 0.039567
v -0.667852 1.225294 0.093733
v -0.698143 1.213603 0.111517
v -0.360240 1.233133 0.038566
v -0.371794 1.230034 0.039387
v -0.354539 1.186388 -0.003859
v -0.373414 1.186289 -0.005898
v -0.354883 1.232959 -0.060504
v -0.371695 1.235743 -0.064854
v -0.354514 1.172634 -0.003976
v -0.359313 1.231666 0.047788
v -0.360780 1.291444 0.029294
v -0.264636 1.307720 -0.042693
v -0.205814 1.311186 -0.061295
v -0.360814 1.302925 -0.034279
v 0.125329 0.080757 0.075502
v 0.674294 1.036873 0.033219
v 0.657869 1.036873 0.016793
v 0.641443 1.036873 0.033219
v 0.657869 1.036873 0.049645
v -0.077835 1.405013 0.071221
v -0.051587 1.347962 0.106064
v 0.000000 1.340749 0.108844
v 0.726762 1.236316 -0.042249
v 0.782127 1.255844 0.015540
v 0.780397 1.260029 0.057820
v 0.772112 1.235625 0.067477
v 0.778388 1.219325 0.028227
v 0.173573 1.312185 -0.073350
v 0.206343 1.298824 0.032864
v 0.260406 1.296239 0.034364
v 0.206470 1.237776 0.060088
v 0.270215 1.236051 0.055710
v 0.085067 1.312933 -0.092725
v -0.063402 1.533167 0.079016
v -0.060628 1.512221 0.082565
v -0.060878 1.506864 0.080692
v -0.060820 1.496844 0.083255
v -0.083820 1.487164 0.047809
v 0.000000 1.005104 -0.079316
v 0.105094 1.005718 -0.069045
v 0.111705 0.953668 -0.021230
v 0.167151 1.011636 0.018901
v 0.132136 0.959586 0.018901
v 0.122865 1.012091 0.146984
v 0.087850 0.953068 0.105644
v 0.033260 1.010646 0.169077
v 0.097211 0.402699 0.069611
v 0.040730 0.242017 0.091279
v 0.094994 0.402446 0.035353
v 0.068191 0.245441 -0.029712
v 0.124982 0.405854 0.026862
v 0.150920 0.533600 -0.049858
v 0.131969 0.821976 -0.054602
v 0.000000 0.732014 -0.036286
v 0.040667 0.569019 -0.016399
v 0.124139 0.191052 0.049921
v 0.150894 0.194092 0.054612
v 0.166093 0.195818 0.031837
v 0.046802 1.537284 -0.103636
v 0.000000 1.534801 -0.107468
v -0.040061 1.593087 -0.100765
v 0.137206 1.494070 -0.027353
v 0.134737 1.447823 -0.010938
v 0.095304 1.405133 0.009102
v -0.047783 1.622448 0.008439
v -0.048153 1.618949 -0.053710
v 0.000000 1.599930 -0.101027
v 0.040061 1.593087 -0.100765
v 0.084680 1.544098 -0.082974
v 0.396241 1.184919 -0.002938
v 0.395489 1.234845 -0.058920
v 0.432604 1.183588 0.001243
v 0.431211 1.231921 -0.054764
v 0.607119 1.204901 -0.007369
v 0.606947 1.231075 -0.020153
v 0.620255 1.207314 -0.008878
v 0.621735 1.231244 -0.017597
v 0.660065 1.195091 -0.034355
v 0.659600 1.242085 -0.035992
v -0.814995 1.229732 0.022096
v -0.782127 1.255844 0.015540
v -0.808650 1.255650 0.062057
v -0.780397 1.260029 0.057820
v -0.803308 1.229864 0.070904
v -0.772112 1.235625 0.067477
v -0.807198 1.200603 0.031033
v -0.778388 1.219325 0.028227
v -0.011969 1.524927 0.133398
v 0.001521 1.535191 0.143703
v 0.000527 1.541277 0.143167
v 0.063056 1.575260 0.108868
v 0.061299 1.579234 0.108393
v 0.074516 1.576066 0.054431
v 0.074218 1.580039 0.052448
v 0.084489 1.566380 -0.015582
v 0.083614 1.570354 -0.015437
v 0.141007 0.582316 -0.047163
v 0.110278 0.731459 -0.040474
v 0.000000 0.797738 -0.070726
v -0.131969 0.821976 -0.054602
v -0.159344 0.820440 0.026225
v -0.137206 1.494070 -0.027353
v -0.134737 1.447823 -0.010938
v -0.095304 1.405133 0.009102
v 0.814995 1.229732 0.022096
v 0.808650 1.255650 0.062057
v 0.803308 1.229864 0.070904
v 0.807198 1.200603 0.031033
v 0.388953 1.275780 0.022564
v 0.386890 1.226402 0.047633
v 0.419625 1.278494 0.029708
v 0.421312 1.221806 0.051789
v 0.606833 1.248453 0.036319
v 0.607071 1.212227 0.027669
v 0.622707 1.246460 0.039567
v 0.667852 1.225294 0.093733
v 0.698143 1.213603 0.111517
v -0.373740 1.289269 -0.025364
v -0.388953 1.275780 0.022564
v -0.386890 1.226402 0.047633
v -0.396241 1.184919 -0.002938
v -0.395489 1.234845 -0.058920
v -0.393737 1.291332 -0.030236
v -0.426785 1.296432 -0.028841
v -0.011449 1.517683 0.137620
v -0.010279 1.510356 0.157413
v 0.000000 1.497903 0.164030
v 0.011405 1.497339 0.161570
v 0.007688 1.527940 0.102789
v 0.019771 1.549692 0.099241
v 0.043902 1.549661 0.092214
v 0.055951 1.527880 0.088737
v 0.043869 1.506128 0.092285
v 0.019737 1.506158 0.099311
v -0.000101 1.527925 0.089944
v 0.013850 1.553042 0.085847
v 0.041716 1.553007 0.077733
v 0.055628 1.527854 0.073717
v 0.041676 1.502739 0.077814
v 0.013811 1.502775 0.085928
v -0.006111 1.518653 0.146860
v 0.000000 1.512495 0.159985
v 0.010279 1.510356 0.157413
v -0.606721 1.265655 0.003106
v -0.111375 1.139669 0.143488
v -0.187069 1.167369 -0.003760
v -0.204304 1.241011 -0.071812
v -0.269081 1.239153 -0.068088
v -0.355173 1.233900 -0.071077
v -0.173573 1.312185 -0.073350
v -0.085067 1.312933 -0.092725
v 0.000000 1.311382 -0.092752
v 0.095271 1.244888 -0.097801
v 0.114445 1.126590 -0.062469
v 0.105479 1.061360 -0.056588
v 0.111182 0.953668 -0.021230
v -0.110278 0.731459 -0.040474
v 0.808480 1.171939 -0.025994
v 0.393737 1.291332 -0.030236
v 0.426785 1.296432 -0.028841
v 0.606721 1.265655 0.003106
v -0.808480 1.171939 -0.025994
v 0.022756 1.416778 -0.158734
v 0.024412 1.439619 -0.171972
v 0.038441 1.485038 -0.101291
v 0.036390 1.454658 -0.085651
v -0.737957 1.210266 0.107225
v 0.737957 1.210266 0.107225
vt 0.383600 0.020200
vt 0.388400 0.057300
vt 0.349900 0.029800
vt 0.650400 0.088100
vt 0.621200 0.089000
vt 0.621400 0.069400
vt 0.224200 0.055100
vt 0.232200 0.054700
vt 0.233600 0.061200
vt 0.138400 0.087600
vt 0.138000 0.088700
vt 0.131300 0.047700
vt 0.384100 0.020200
vt 0.350300 0.029700
vt 0.388900 0.057300
vt 0.361400 0.083600
vt 0.357000 0.082600
vt 0.350300 0.029800
vt 0.266900 0.061200
vt 0.250300 0.060800
vt 0.250300 0.056500
vt 0.280100 0.020200
vt 0.274300 0.036600
vt 0.290900 0.020100
vt 0.282400 0.040900
vt 0.271500 0.039900
vt 0.284600 0.036400
vt 0.078200 0.009200
vt 0.080700 0.034500
vt 0.078100 0.008400
vt 0.068500 0.058300
vt 0.074400 0.058400
vt 0.078700 0.058900
vt 0.130000 0.046600
vt 0.123300 0.047000
vt 0.127600 0.029400
vt 0.716200 0.047400
vt 0.751000 0.041500
vt 0.749800 0.081400
vt 0.721600 0.078100
vt 0.736900 0.055100
vt 0.752300 0.079000
vt 0.782800 0.084800
vt 0.767500 0.061600
vt 0.752100 0.089800
vt 0.767600 0.055300
vt 0.766000 0.058500
vt 0.752100 0.063800
vt 0.736800 0.061500
vt 0.738400 0.058300
vt 0.752300 0.053000
vt 0.154100 -0.992300
vt 0.173500 -0.978800
vt 0.153100 -0.965800
vt 0.175600 -0.961900
vt 0.181000 -0.966100
vt 0.181700 -0.958300
vt 0.255500 -0.854100
vt 0.261600 -0.828100
vt 0.244700 -0.841500
vt 0.483200 0.593200
vt 0.682600 0.358400
vt 0.985600 0.554500
vt 0.398700 0.136400
vt 0.373500 0.152800
vt 0.369500 0.188400
vt 0.362500 0.203400
vt 0.353400 0.220300
vt 0.363200 0.230700
vt 0.360800 0.266700
vt 0.370400 0.257400
vt 0.351700 0.237400
vt 0.489200 0.968100
vt 0.497100 0.924200
vt 0.472700 0.912400
vt 0.292200 0.335900
vt 0.290200 0.352200
vt 0.290900 0.326000
vt 0.536200 0.695700
vt 0.535000 0.844800
vt 0.781500 0.688700
vt 0.837000 0.773800
vt 0.889400 0.885800
vt 0.985700 0.828900
vt 0.264400 0.352800
vt 0.280900 0.367900
vt 0.261300 0.367000
vt 0.720900 0.628300
vt 0.709100 0.374700
vt 0.648400 0.921000
vt 0.271600 0.395100
vt 0.278700 0.388500
vt 0.284700 0.386900
vt 0.942300 0.142100
vt 0.939700 0.144200
vt 0.940000 0.134800
vt 0.256800 0.344100
vt 0.262600 0.351300
vt 0.258200 0.345300
vt 0.259700 0.338900
vt 0.264200 0.349200
vt 0.309200 -0.725800
vt 0.317500 -0.709300
vt 0.359800 -0.730600
vt 0.122600 -0.930200
vt 0.124200 -0.956600
vt 0.123200 -0.958300
vt 0.115000 -0.935300
vt 0.129800 -0.936000
vt 0.153000 -0.939400
vt 0.333700 0.158800
vt 0.308800 0.232400
vt 0.315100 0.152300
vt 0.216000 -0.817500
vt 0.217500 -0.812400
vt 0.217400 -0.822000
vt 0.395000 0.122100
vt 0.364100 0.167600
vt 0.368800 0.134400
vt 0.341400 0.279200
vt 0.356400 0.249700
vt 0.362000 0.258900
vt 0.471800 0.910900
vt 0.497100 0.922600
vt 0.477300 0.966500
vt 0.848400 0.773200
vt 0.794900 0.688200
vt 0.241900 0.345300
vt 0.247300 0.342800
vt 0.245600 0.345700
vt 0.213800 0.380200
vt 0.213900 0.369900
vt 0.219200 0.367800
vt 0.238800 0.332700
vt 0.242300 0.332800
vt 0.244300 0.337000
vt 0.242500 0.328100
vt 0.243200 0.323900
vt 0.244500 0.323700
vt 0.199200 0.983200
vt 0.058300 0.874000
vt 0.025000 0.910400
vt 0.164000 0.081600
vt 0.169400 0.086900
vt 0.161900 0.083800
vt 0.175800 0.076900
vt 0.169800 0.077800
vt 0.168000 0.079400
vt 0.160900 0.084900
vt 0.158400 0.084000
vt 0.159000 0.085100
vt 0.186100 0.017100
vt 0.181700 0.018900
vt 0.185400 0.019300
vt 0.423000 0.247200
vt 0.423000 0.205000
vt 0.504500 0.248200
vt 0.606900 0.201900
vt 0.639700 0.162700
vt 0.615000 0.166100
vt 0.024200 0.914600
vt 0.066600 0.887800
vt 0.206700 0.979500
vt 0.422700 0.371300
vt 0.413900 0.446800
vt 0.460800 0.461900
vt 0.175900 0.076700
vt 0.168100 0.079200
vt 0.169900 0.077700
vt 0.161000 0.085000
vt 0.159000 0.085100
vt 0.158500 0.084000
vt 0.167000 0.027300
vt 0.164600 0.060000
vt 0.157000 0.029200
vt 0.182400 0.026900
vt 0.174300 0.059900
vt 0.182700 0.016300
vt 0.186200 0.016600
vt 0.181700 0.018600
vt 0.664200 0.280100
vt 0.574300 0.283300
vt 0.673500 0.268600
vt 0.609400 0.011000
vt 0.614300 0.013100
vt 0.609300 0.014900
vt 0.636800 0.040500
vt 0.631300 0.017500
vt 0.642200 0.016700
vt 0.237200 0.116000
vt 0.210900 0.127800
vt 0.212200 0.139200
vt 0.244400 0.113100
vt 0.269200 0.128200
vt 0.213300 0.135600
vt 0.380100 0.050100
vt 0.376200 0.013800
vt 0.069000 0.061100
vt 0.034100 0.077300
vt 0.076100 0.080300
vt 0.056400 0.092000
vt 0.030200 0.014900
vt 0.072800 0.007600
vt 0.072900 0.008500
vt 0.078400 0.033500
vt 0.133400 0.019100
vt 0.126700 0.014400
vt 0.132700 0.018900
vt 0.128800 0.012300
vt 0.125000 0.047100
vt 0.131700 0.046700
vt 0.129100 0.029400
vt 0.128800 0.030200
vt 0.380900 0.050000
vt 0.377000 0.013800
vt 0.068200 0.061500
vt 0.073100 0.081100
vt 0.031600 0.075800
vt 0.052200 0.091700
vt 0.033700 0.062100
vt 0.031600 0.076700
vt 0.039200 0.075600
vt 0.052900 0.087100
vt 0.134100 0.019200
vt 0.131500 0.019000
vt 0.128000 0.014300
vt 0.124900 0.014300
vt 0.037900 0.035500
vt 0.076900 0.019500
vt 0.034700 0.021400
vt 0.127900 0.023500
vt 0.127100 0.030100
vt 0.121400 0.029100
vt 0.743400 0.079400
vt 0.752200 0.084500
vt 0.752400 0.074500
vt 0.761100 0.079500
vt 0.783000 0.078400
vt 0.791700 0.027600
vt 0.791600 0.031800
vt 0.783800 0.015400
vt 0.784000 0.011200
vt 0.721500 0.084400
vt 0.712800 0.027100
vt 0.712800 0.031300
vt 0.720600 0.010800
vt 0.720500 0.015000
vt 0.774700 0.055300
vt 0.774600 0.061700
vt 0.729700 0.061400
vt 0.729800 0.055100
vt 0.452200 0.005900
vt 0.483700 0.020800
vt 0.473400 0.030300
vt 0.482000 0.052900
vt 0.451800 0.093300
vt 0.423300 0.085100
vt 0.433100 0.073200
vt 0.423700 0.053400
vt 0.151900 -0.926300
vt 0.167600 -0.921300
vt 0.167600 -0.954800
vt 0.180200 -0.956600
vt 0.217700 0.274100
vt 0.217700 0.274100
vt 0.217700 0.274100
vt 0.217700 0.274100
vt 0.352400 0.267700
vt 0.337600 0.282600
vt 0.337800 0.294600
vt 0.316400 0.271000
vt 0.286000 0.369900
vt 0.286000 0.380300
vt 0.285100 0.364600
vt 0.941800 0.018800
vt 0.960400 0.019900
vt 0.961200 0.024700
vt 0.972700 0.033000
vt 0.261300 0.332700
vt 0.272700 0.317400
vt 0.274500 0.328800
vt 0.288100 0.340700
vt 0.257600 0.328100
vt 0.257000 0.323900
vt 0.260800 0.325600
vt 0.258300 0.319400
vt 0.255700 0.336400
vt 0.257900 0.332800
vt 0.255800 0.337000
vt 0.385100 -0.770200
vt 0.380600 -0.771500
vt 0.384400 -0.765300
vt 0.373200 -0.750800
vt 0.225300 -0.838300
vt 0.223100 -0.824600
vt 0.228000 -0.838300
vt 0.247800 -0.825400
vt 0.347700 0.249400
vt 0.333500 0.277900
vt 0.332900 0.264400
vt 0.311900 0.253600
vt 0.241800 0.319400
vt 0.239300 0.325600
vt 0.238000 0.324300
vt 0.422300 0.618900
vt 0.370400 0.854800
vt 0.386000 0.664100
vt 0.178300 0.989800
vt 0.662800 0.280200
vt 0.572700 0.283500
vt 0.662600 0.287400
vt 0.664300 0.289100
vt 0.638500 0.123000
vt 0.629900 0.125000
vt 0.614900 0.165900
vt 0.645000 0.162600
vt 0.628900 0.064100
vt 0.639100 0.059400
vt 0.650600 0.049600
vt 0.263600 0.123800
vt 0.264900 0.135300
vt 0.281300 0.215800
vt 0.213000 0.219300
vt 0.263900 0.298700
vt 0.262900 0.291700
vt 0.280100 0.201000
vt 0.211800 0.204500
vt 0.246600 -0.880500
vt 0.250000 -0.880700
vt 0.246600 -0.873000
vt 0.250000 -0.873200
vt 0.251600 0.300300
vt 0.288000 0.210100
vt 0.258000 0.296300
vt 0.215800 0.217600
vt 0.246700 -0.879600
vt 0.246700 -0.872100
vt 0.247500 -0.879300
vt 0.247500 -0.871800
vt 0.224500 0.019000
vt 0.227700 0.035300
vt 0.209000 0.020000
vt 0.215400 0.036300
vt 0.225200 0.036600
vt 0.247200 0.042600
vt 0.246400 0.039000
vt 0.243600 0.043300
vt 0.242600 0.039600
vt 0.226700 0.040800
vt 0.056500 0.087500
vt 0.034100 0.078100
vt 0.041600 0.076700
vt 0.034600 0.063500
vt 0.039700 0.062300
vt 0.068600 0.057900
vt 0.079000 0.057900
vt 0.074600 0.057700
vt 0.069100 0.061900
vt 0.063800 0.061700
vt 0.070800 0.035100
vt 0.035500 0.036800
vt 0.072600 0.018700
vt 0.030800 0.022900
vt 0.031500 0.060300
vt 0.027300 0.036200
vt 0.027200 0.035300
vt 0.253300 0.042600
vt 0.270600 0.043600
vt 0.268400 0.054700
vt 0.280800 0.044600
vt 0.275800 0.055100
vt 0.028400 0.035200
vt 0.034800 0.014200
vt 0.029600 0.034500
vt 0.034800 0.013400
vt 0.029500 0.033700
vt 0.783300 0.047900
vt 0.748500 0.053700
vt 0.417000 0.154800
vt 0.485700 0.153800
vt 0.484500 0.119600
vt 0.589100 0.153800
vt 0.587900 0.115700
vt 0.588000 0.194000
vt 0.484600 0.190100
vt 0.586800 0.155900
vt 0.483400 0.155900
vt 0.309500 0.204100
vt 0.310100 0.214900
vt 0.316600 0.158200
vt 0.312500 0.247000
vt 0.336500 0.169400
vt 0.227700 -0.817900
vt 0.225300 -0.823500
vt 0.236700 -0.827200
vt 0.233600 -0.831500
vt 0.239900 -0.841200
vt 0.374900 0.182500
vt 0.345200 0.293900
vt 0.365700 0.273500
vt 0.941900 0.047700
vt 0.942100 0.024700
vt 0.961400 0.046300
vt 0.946200 0.132000
vt 0.940600 0.122500
vt 0.952700 0.115700
vt 0.262700 0.335800
vt 0.272200 0.334800
vt 0.277600 0.345700
vt 0.273700 0.351700
vt 0.252800 0.342800
vt 0.254500 0.345700
vt 0.366600 0.242600
vt 0.347000 0.218800
vt 0.359200 0.215200
vt 0.209700 0.362500
vt 0.209500 0.352200
vt 0.214700 0.364600
vt 0.211700 0.340600
vt 0.225500 0.328800
vt 0.209800 0.376400
vt 0.542900 0.843700
vt 0.897100 0.885500
vt 0.657300 0.920200
vt 0.792600 0.947500
vt 0.806800 0.987600
vt 0.235600 0.352800
vt 0.238800 0.367000
vt 0.250100 0.351900
vt 0.250100 0.366100
vt 0.983600 0.358500
vt 0.990100 0.620500
vt 0.732800 0.373900
vt 0.757900 0.627600
vt 0.546700 0.694600
vt 0.941500 0.051200
vt 0.926500 0.049000
vt 0.921900 0.046300
vt 0.908200 0.033000
vt 0.922200 0.024700
vt 0.215000 0.386900
vt 0.221300 0.388500
vt 0.228100 0.395100
vt 0.234500 0.389200
vt 0.249900 0.400700
vt 0.250100 0.316000
vt 0.248300 0.316200
vt 0.245900 0.317300
vt 0.373000 -0.757000
vt 0.359200 -0.721500
vt 0.359400 -0.744000
vt 0.317100 -0.724800
vt 0.308700 -0.740900
vt 0.154300 0.083700
vt 0.159800 0.083300
vt 0.153000 0.083000
vt 0.161900 0.080200
vt 0.155900 0.079800
vt 0.156600 0.077300
vt 0.157200 0.075800
vt 0.157200 0.071700
vt 0.159300 0.070300
vt 0.164400 0.062600
vt 0.423000 0.285000
vt 0.423000 0.283800
vt 0.423000 0.276200
vt 0.423000 0.243500
vt 0.423000 0.244700
vt 0.423000 0.292600
vt 0.506900 0.291300
vt 0.549700 0.293700
vt 0.695000 0.120600
vt 0.648300 0.121400
vt 0.629500 0.125100
vt 0.695000 0.197100
vt 0.636300 0.198400
vt 0.644400 0.235700
vt 0.574300 0.247200
vt 0.669700 0.268700
vt 0.177000 0.976400
vt 0.377100 0.835400
vt 0.394400 0.646300
vt 0.438900 0.609500
vt 0.155200 0.084500
vt 0.156200 0.082700
vt 0.153100 0.083000
vt 0.155900 0.079800
vt 0.162000 0.080200
vt 0.164500 0.062200
vt 0.159400 0.070100
vt 0.157300 0.071400
vt 0.157300 0.075800
vt 0.156600 0.077100
vt 0.640500 0.168000
vt 0.606600 0.201700
vt 0.636200 0.195100
vt 0.571000 0.249100
vt 0.644400 0.244600
vt 0.123200 0.132800
vt 0.158200 0.250500
vt 0.093400 0.250300
vt 0.123300 0.368100
vt 0.053400 0.368100
vt 0.018400 0.250400
vt 0.053300 0.132800
vt 0.508100 0.008300
vt 0.531800 0.028400
vt 0.527300 0.043200
vt 0.586800 0.088200
vt 0.573100 0.079100
vt 0.589700 0.008900
vt 0.559900 0.030900
vt 0.555500 0.022400
vt 0.508400 0.084500
vt 0.510900 0.072400
vt 0.119500 0.029100
vt 0.122800 0.028100
vt 0.110000 0.019600
vt 0.121900 0.017600
vt 0.112700 0.012900
vt 0.121200 0.011600
vt 0.123100 0.029200
vt 0.109500 0.018600
vt 0.112200 0.014600
vt 0.044400 0.058100
vt 0.026100 0.036900
vt 0.030300 0.015700
vt 0.107600 0.018400
vt 0.110400 0.014400
vt 0.108500 0.019500
vt 0.111100 0.012800
vt 0.120600 0.017500
vt 0.119900 0.011500
vt 0.044400 0.057300
vt 0.031100 0.058700
vt 0.262000 0.324300
vt 0.359600 -0.708200
vt 0.371500 -0.762800
vt 0.308000 0.206900
vt 0.307400 0.146200
vt 0.238100 -0.850800
vt 0.257800 -0.851900
vt 0.241200 -0.862900
vt 0.270700 -0.855700
vt 0.245300 -0.878700
vt 0.249100 -0.883000
vt 0.348000 0.199400
vt 0.358600 0.188400
vt 0.371100 0.167600
vt 0.924000 0.019800
vt 0.919700 0.172400
vt 0.941400 0.178000
vt 0.944000 0.129400
vt 0.963600 0.174300
vt 0.975200 0.116400
vt 0.983100 0.156600
vt 0.937300 0.141800
vt 0.934300 0.131400
vt 0.929400 0.114600
vt 0.385100 -0.772100
vt 0.384300 -0.768400
vt 0.380500 -0.774900
vt 0.371300 -0.769200
vt 0.156200 0.082800
vt 0.155100 0.084500
vt 0.154900 0.084800
vt 0.494700 0.204400
vt 0.537100 0.203100
vt 0.551100 0.249400
vt 0.561300 0.201400
vt 0.614600 0.242900
vt 0.159900 0.083400
vt 0.154400 0.083800
vt 0.155000 0.084800
vt 0.547800 0.284000
vt 0.509100 0.282200
vt 0.548600 0.244700
vt 0.502800 0.243700
vt 0.536300 0.202700
vt 0.493900 0.204000
vt 0.652400 0.121400
vt 0.695000 0.162200
vt 0.615400 0.241300
vt 0.650000 0.235600
vt 0.695000 0.256800
vt 0.695000 0.234300
vt 0.649300 0.028900
vt 0.651700 0.037400
vt 0.654600 0.043900
vt 0.605300 0.073500
vt 0.605300 0.092800
vt 0.609700 0.072400
vt 0.611400 0.091600
vt 0.647900 0.072600
vt 0.229100 0.039900
vt 0.229900 0.043600
vt 0.217600 0.040900
vt 0.219300 0.044500
vt 0.228200 0.044400
vt 0.245400 0.034500
vt 0.243900 0.018400
vt 0.242000 0.035500
vt 0.239400 0.019200
vt 0.219300 0.020100
vt 0.034500 0.062600
vt 0.068700 0.080200
vt 0.076200 0.081200
vt 0.056400 0.092800
vt 0.082300 0.034800
vt 0.078400 0.034300
vt 0.272900 0.035300
vt 0.254000 0.039000
vt 0.255000 0.034500
vt 0.257000 0.039600
vt 0.257700 0.035500
vt 0.033700 0.061200
vt 0.052200 0.092500
vt 0.073200 0.081900
vt 0.065800 0.080600
vt 0.068300 0.062300
vt 0.063100 0.061800
vt 0.127300 0.012200
vt 0.131300 0.018800
vt 0.454800 0.047800
vt 0.459800 0.055500
vt 0.417600 0.044100
vt 0.428600 0.052400
vt 0.417600 0.062300
vt 0.454800 0.066000
vt 0.182400 -0.930200
vt 0.191000 -0.935300
vt 0.175800 -0.936000
vt 0.130000 -0.961900
vt 0.359800 0.143900
vt 0.330500 0.169900
vt 0.334300 0.176600
vt 0.309800 0.226300
vt 0.316600 0.225700
vt 0.324100 0.242700
vt 0.324700 0.242300
vt 0.496600 0.616900
vt 0.468800 0.823600
vt 0.462200 0.929000
vt 0.250000 0.389000
vt 0.265500 0.389200
vt 0.319300 0.221600
vt 0.319400 0.224300
vt 0.311000 0.203800
vt 0.305300 0.209100
vt 0.329200 0.156900
vt 0.326500 0.154700
vt 0.356100 0.129600
vt 0.227300 0.317300
vt 0.208900 0.326000
vt 0.207500 0.335900
vt 0.218700 0.359700
vt 0.223000 0.357400
vt 0.235100 0.348500
vt 0.237400 0.347200
vt 0.242100 0.340900
vt 0.166600 0.082200
vt 0.169500 0.083900
vt 0.176500 0.083900
vt 0.178900 0.085100
vt 0.178900 0.062300
vt 0.179000 0.061900
vt 0.178900 0.084700
vt 0.176500 0.083700
vt 0.169600 0.083700
vt 0.166700 0.081800
vt 0.695000 0.122900
vt 0.695000 0.168200
vt 0.695000 0.195400
vt 0.695000 0.242800
vt 0.541700 0.024000
vt 0.587500 0.059900
vt 0.582200 0.075000
vt 0.567300 0.036700
vt 0.522800 0.086700
vt 0.517500 0.089900
vt 0.129800 0.023600
vt 0.116000 0.023700
vt 0.073300 0.035700
vt 0.084700 0.036000
vt 0.080700 0.035300
vt 0.114100 0.023600
vt 0.117900 0.029000
vt 0.121300 0.028000
vt 0.409200 0.055600
vt 0.421100 0.021600
vt 0.431700 0.030800
vt 0.452400 0.020400
vt 0.452200 0.079100
vt 0.470700 0.075300
vt 0.479600 0.088300
vt 0.496600 0.054900
vt 0.256300 -0.819300
vt 0.249100 -0.813700
vt 0.257400 0.347300
vt 0.250100 0.346000
vt 0.250100 0.342800
vt 0.253100 0.336300
vt 0.250100 0.336500
vt 0.124300 -0.916300
vt 0.136400 -0.921300
vt 0.136400 -0.954800
vt 0.151800 -0.954800
vt 0.986300 0.852300
vt 0.956100 0.049000
vt 0.350500 0.068100
vt 0.321000 0.062300
vt 0.323600 0.024600
vt 0.341300 0.051300
vt 0.341700 0.014900
vt 0.124700 0.048400
vt 0.130700 0.089500
vt 0.120900 0.048000
vt 0.126500 0.089100
vt 0.131000 0.088000
vt 0.250200 0.071300
vt 0.245200 0.075500
vt 0.236700 0.071500
vt 0.231500 0.075700
vt 0.229700 0.072300
vt 0.224400 0.076200
vt 0.232700 0.072100
vt 0.233600 0.076200
vt 0.249800 0.072100
vt 0.034900 0.058600
vt 0.045700 0.058500
vt 0.070500 0.056900
vt 0.342500 0.014800
vt 0.342200 0.051200
vt 0.324300 0.024500
vt 0.321600 0.062100
vt 0.350900 0.068000
vt 0.267600 0.067800
vt 0.270200 0.068000
vt 0.274300 0.061900
vt 0.263700 0.067100
vt 0.250300 0.066900
vt 0.939900 0.268200
vt 0.939900 0.268200
vt 0.892800 0.143700
vt 0.877100 0.126800
vt 0.802800 0.114200
vt 0.709100 0.137300
vt 0.763400 0.302300
vt 0.290000 0.362500
vt 0.289900 0.376400
vt 0.124900 -0.966100
vt 0.133700 -0.978800
vt 0.939900 0.268200
vt 0.763400 0.302300
vt 0.892800 0.143700
vt 0.709100 0.137300
vt 0.802800 0.114200
vt 0.877100 0.126800
vt 0.939900 0.268200
vt 0.182700 0.016700
vt 0.170100 0.016800
vt 0.169300 0.018800
vt 0.157700 0.015900
vt 0.157700 0.019200
vt 0.170500 0.016000
vt 0.171300 0.019000
vt 0.423000 0.214200
vt 0.423000 0.246300
vt 0.171400 0.080900
vt 0.172900 0.069100
vt 0.160300 0.069200
vt 0.169900 0.062500
vt 0.163400 0.062200
vt 0.169900 0.059900
vt 0.162800 0.059900
vt 0.170200 0.028800
vt 0.164100 0.081000
vt 0.173700 0.062800
vt 0.167800 0.070800
vt 0.164600 0.076200
vt 0.170100 0.016500
vt 0.169300 0.018500
vt 0.157800 0.015400
vt 0.157800 0.018700
vt 0.170500 0.015400
vt 0.171300 0.018300
vt 0.423000 0.204500
vt 0.423000 0.243000
vt 0.423000 0.283200
vt 0.503600 0.290800
vt 0.545200 0.293400
vt 0.423000 0.292000
vt 0.423000 0.275600
vt 0.423000 0.244100
vt 0.423000 0.213600
vt 0.423000 0.245800
vt 0.070600 0.057500
vt 0.045600 0.057700
vt 0.034700 0.057300
vt 0.039000 0.061200
vt 0.765600 0.017200
vt 0.749100 0.020000
vt 0.733900 0.017000
vt 0.750400 0.014200
vt 0.888900 0.015200
vt 0.855700 0.079700
vt 0.856000 0.013600
vt 0.828700 0.080800
vt 0.820400 0.015100
vt 0.853700 0.082000
vt 0.853400 0.016700
vt 0.880600 0.080900
vt 0.180200 -0.916300
vt 0.985800 0.747900
vt 0.783200 0.948000
vt 0.795200 0.988000
vt 0.504500 0.615400
vt 0.695100 0.357400
vt 0.991700 0.325900
vt 0.439700 0.464000
vt 0.422800 0.383800
vt 0.224800 0.511500
vt 0.191200 0.399000
vt 0.063400 0.500400
vt 0.053500 0.408400
vt 0.032300 0.530500
vt 0.024200 0.409300
vt 0.184700 0.593700
vt 0.182600 0.404800
vt 0.676900 0.290900
vt 0.573200 0.287900
vt 0.546200 0.284300
vt 0.507400 0.282700
vt 0.545300 0.245100
vt 0.499700 0.244100
vt 0.695000 0.291000
vt 0.653600 0.272800
vt 0.626600 0.048300
vt 0.628100 0.030200
vt 0.627900 0.025600
vt 0.628100 0.016900
vt 0.614500 0.009300
vt 0.249700 0.076200
vt 0.265800 0.076200
vt 0.266900 0.072100
vt 0.275500 0.076200
vt 0.270200 0.072300
vt 0.269100 0.075700
vt 0.263600 0.071500
vt 0.255400 0.075500
vt 0.369100 0.081900
vt 0.383900 0.020300
vt 0.369700 0.079600
vt 0.376800 0.013900
vt 0.361900 0.080400
vt 0.342600 0.015000
vt 0.324500 0.024600
vt 0.272800 0.040800
vt 0.276100 0.019000
vt 0.256400 0.018400
vt 0.260200 0.019200
vt 0.249800 0.067800
vt 0.269900 0.062400
vt 0.249800 0.055600
vt 0.256100 0.043300
vt 0.136700 0.087500
vt 0.129500 0.047600
vt 0.136000 0.088600
vt 0.122900 0.048300
vt 0.128800 0.089400
vt 0.119200 0.047900
vt 0.124700 0.089000
vt 0.129300 0.087900
vt 0.255800 -0.865700
vt 0.253300 -0.880200
vt 0.279100 -0.857300
vt 0.276700 -0.857700
vt 0.270000 -0.829800
vt 0.331600 0.227900
vt 0.347000 0.186500
vt 0.364900 0.145000
vt 0.281300 0.359700
vt 0.265000 0.348500
vt 0.219100 -0.816300
vt 0.247700 -0.817700
vt 0.273700 -0.827200
vt 0.277100 -0.831100
vt 0.273000 -0.854800
vt 0.157300 0.023200
vt 0.171000 0.023200
vt 0.157000 0.029600
vt 0.170200 0.029500
vt 0.162700 0.060400
vt 0.169800 0.060400
vt 0.163400 0.062700
vt 0.169800 0.063000
vt 0.160200 0.069800
vt 0.172800 0.069700
vt 0.171300 0.081500
vt 0.217000 0.731400
vt 0.238600 0.523000
vt 0.052900 0.650900
vt 0.065800 0.513100
vt 0.016000 0.686900
vt 0.025100 0.532800
vt 0.179300 0.764000
vt 0.186300 0.591300
vt 0.438500 0.379200
vt 0.198300 0.408300
vt 0.047000 0.413500
vt 0.009600 0.404900
vt 0.175300 0.394700
vt 0.655300 0.040100
vt 0.662600 0.048700
vt 0.662100 0.054000
vt 0.690600 0.084200
vt 0.689700 0.087600
vt 0.692800 0.086200
vt 0.692500 0.089600
vt 0.693200 0.079500
vt 0.692800 0.082900
vt 0.368600 0.082000
vt 0.349900 0.029900
vt 0.360900 0.083600
vt 0.323900 0.024800
vt 0.356500 0.082700
vt 0.341800 0.015100
vt 0.361200 0.080500
vt 0.376100 0.014000
vt 0.369100 0.079700
vt 0.383400 0.020400
vt 0.648000 0.091700
vt 0.685000 0.091800
vt 0.686500 0.072600
vt 0.692300 0.093000
vt 0.692300 0.073700
vt 0.679000 0.089100
vt 0.679200 0.069500
vt 0.650600 0.068500
vt 0.271300 0.044400
vt 0.266700 0.055500
vt 0.249700 0.060600
vt 0.229500 0.062400
vt 0.232000 0.067800
vt 0.225600 0.061900
vt 0.229700 0.068000
vt 0.236800 0.067100
vt 0.325300 0.203400
vt 0.340800 0.162400
vt 0.360500 0.127900
vt 0.405200 0.462100
vt 0.204600 0.723900
vt 0.047500 0.635200
vt 0.019600 0.681500
vt 0.177300 0.768500
vt 0.181600 0.021900
vt 0.168300 0.021500
vt 0.182300 0.027300
vt 0.167000 0.027500
vt 0.174200 0.060200
vt 0.164500 0.060300
vt 0.173700 0.063000
vt 0.167700 0.070900
vt 0.164500 0.076200
vt 0.185500 0.018800
vt 0.181700 0.021500
vt 0.168300 0.021200
vt 0.157400 0.022800
vt 0.171000 0.022500
vt 0.186100 0.022300
vt 0.187400 0.028100
vt 0.244500 0.336300
vt 0.245100 0.331100
vt 0.250100 0.323800
vt 0.255700 0.323700
vt 0.251900 0.316200
vt 0.254300 0.317300
vt 0.449400 0.927400
vt 0.460200 0.822000
vt 0.482800 0.591700
vt 0.021100 0.250600
vt 0.059300 0.379100
vt 0.135600 0.379100
vt 0.173700 0.250800
vt 0.143600 0.127200
vt 0.058900 0.125900
vt 0.021300 0.251000
vt 0.057900 0.380100
vt 0.135900 0.378000
vt 0.173500 0.251100
vt 0.143100 0.127900
vt 0.057900 0.127800
vt 0.220800 -0.829100
vt 0.242800 0.347300
vt 0.247100 0.336300
vt 0.250100 0.332100
vt 0.255100 0.331100
vt 0.179000 0.059900
vt 0.355400 0.133200
vt 0.642000 0.198300
vt 0.560500 0.201100
vt 0.545900 0.249000
vt 0.499500 0.247700
vt 0.423000 0.246600
vt 0.231200 0.290400
vt 0.232200 0.297300
vt 0.358300 0.144500
vt 0.662100 0.287300
vt 0.662900 0.289100
vt 0.567900 0.294300
vt 0.674700 0.290800
vt 0.649300 0.272800
vt 0.695000 0.272200
vt 0.648900 0.244700
vt 0.639200 0.195300
vt 0.643300 0.168100
vt 0.639900 0.123100
vt 0.232900 0.055500
vt 0.400000 0.839500
vt 0.413900 0.385800
vt 0.186000 0.022800
vt 0.187400 0.028600
vt 0.179000 0.060300
vt 0.412300 0.825000
vt 0.219100 0.128600
vt 0.275000 0.121200
vt 0.279700 0.219100
vt 0.207500 0.226600
vt 0.222300 0.294500
vt 0.228700 0.290500
vt 0.423000 0.284400
vt 0.163700 0.083200
vt 0.163600 0.083200
vn 0.8974 -0.2258 0.3790
vn 0.4327 -0.0710 0.8987
vn -0.3198 -0.0217 0.9472
vn 0.1669 -0.3002 0.9392
vn -0.6073 -0.3663 0.7050
vn -0.2525 0.5078 0.8236
vn -0.9544 0.1553 0.2551
vn -0.5578 0.1177 0.8216
vn -0.7499 0.1243 0.6497
vn -0.3393 -0.8868 0.3139
vn 0.0284 -0.8846 -0.4654
vn 0.9352 -0.0883 0.3429
vn -0.8833 -0.0883 0.4604
vn 0.2644 -0.2562 0.9298
vn -0.9016 0.4291 -0.0546
vn 0.0197 -0.9892 -0.1451
vn 0.0293 -0.9992 -0.0266
vn 0.2467 -0.8603 0.4462
vn 0.5471 0.1307 0.8268
vn 0.0000 0.2163 0.9763
vn -0.1596 0.0260 0.9868
vn 0.0353 -0.9330 0.3581
vn 0.3401 0.1176 -0.9330
vn 0.4410 -0.8096 -0.3874
vn 0.9351 0.2239 0.2746
vn 0.4652 -0.0061 0.8852
vn 0.9573 -0.2806 -0.0690
vn -0.8019 0.2962 0.5188
vn -0.7357 -0.6751 -0.0537
vn -0.5801 0.1861 0.7930
vn -0.4505 0.7281 -0.5166
vn -0.5676 0.3838 -0.7284
vn -0.6521 -0.1453 0.7441
vn -0.8141 -0.0227 -0.5803
vn 0.2475 -0.0197 -0.9687
vn -0.7642 0.0192 -0.6446
vn -0.5985 0.1451 0.7879
vn -0.1504 0.5828 0.7985
vn -0.2949 0.9555 -0.0000
vn -0.5027 0.7781 0.3766
vn -0.3152 -0.5575 0.7680
vn 0.2999 0.8356 0.4603
vn 0.3994 0.6410 -0.6554
vn -0.2151 -0.8944 -0.3921
vn 0.1432 0.8497 -0.5075
vn 0.2786 -0.7932 0.5415
vn 0.3309 -0.9344 0.1316
vn -0.5000 -0.0967 -0.8606
vn -0.0534 -0.9979 -0.0358
vn 0.6161 -0.7216 -0.3157
vn -0.1919 -0.1350 0.9721
vn 0.1706 0.7795 0.6028
vn -0.2256 0.7581 0.6119
vn 0.0000 0.5372 0.8435
vn 0.5351 0.4339 0.7249
vn 0.1957 0.9744 0.1108
vn 0.7151 0.1389 0.6851
vn 0.5477 -0.1317 -0.8262
vn 0.7406 0.5872 -0.3267
vn 0.9838 0.1271 -0.1267
vn 0.7464 -0.6640 -0.0449
vn 0.7754 -0.5210 -0.3568
vn 0.0278 -0.9191 0.3930
vn 0.8608 -0.4145 0.2953
vn 0.4370 0.0372 0.8987
vn 0.7366 0.1866 0.6501
vn 0.4251 0.3786 0.8222
vn 0.2749 0.4113 0.8691
vn 0.5943 0.1850 0.7827
vn 0.8852 0.2020 0.4191
vn 0.6255 0.3800 0.6814
vn 0.9545 0.1217 -0.2723
vn 0.9066 0.0476 0.4192
vn 0.6352 -0.6941 0.3387
vn 0.7862 0.1391 0.6021
vn 0.5621 0.7331 0.3828
vn 0.5637 0.2027 0.8007
vn 0.8942 0.4423 0.0693
vn 0.1203 0.1618 0.9795
vn 0.6333 0.0804 0.7697
vn 0.5740 0.2879 0.7666
vn 0.3416 0.2626 0.9024
vn 0.6319 -0.4347 0.6417
vn 0.8783 -0.1533 0.4529
vn 0.7598 0.0632 0.6471
vn 0.4661 0.5801 0.6680
vn 0.6757 0.7367 -0.0287
vn 0.8070 0.0843 -0.5845
vn 0.7507 -0.6605 0.0115
vn 0.0000 -0.8243 0.5662
vn 0.1334 -0.8724 0.4702
vn 0.5788 0.0358 0.8147
vn 0.4665 -0.8835 -0.0430
vn 0.5442 -0.8390 -0.0004
vn 0.8290 0.5399 -0.1459
vn 0.1788 -0.1122 0.9775
vn 0.9738 -0.0384 0.2243
vn 0.6333 0.2191 -0.7422
vn 0.8733 -0.3658 0.3217
vn -0.3637 -0.8332 -0.4166
vn -0.6486 0.7079 -0.2797
vn -0.7467 0.6644 -0.0313
vn -0.5051 -0.7683 0.3933
vn -0.4743 -0.8111 0.3423
vn -0.4048 -0.1052 -0.9083
vn -0.2686 -0.2493 -0.9304
vn -0.0137 -0.3468 -0.9378
vn -0.1988 0.8924 0.4052
vn -0.1027 0.7861 0.6095
vn -0.4022 0.7187 0.5672
vn -0.5335 0.1452 0.8332
vn -0.6217 -0.6143 0.4859
vn -0.7633 0.1903 0.6174
vn -0.6330 0.2759 0.7233
vn -0.9284 -0.1335 0.3468
vn -0.9001 0.0523 0.4325
vn -0.9633 0.0522 0.2633
vn -0.6509 -0.2457 0.7183
vn -0.5409 0.2216 0.8114
vn -0.4396 0.7677 0.4662
vn -0.5769 -0.4402 0.6881
vn -0.5614 0.0467 0.8262
vn -0.0410 -0.4380 0.8980
vn -0.7631 0.5803 -0.2845
vn -0.9031 -0.0014 0.4295
vn -0.8519 0.3656 0.3750
vn -0.4481 0.4540 0.7702
vn -0.6906 0.6526 0.3117
vn -0.5059 0.6978 0.5070
vn -0.8835 -0.0108 0.4682
vn -0.9008 -0.2984 0.3156
vn -0.8936 0.0008 0.4488
vn 0.7386 -0.1484 -0.6576
vn 0.8602 0.3530 0.3682
vn 0.8909 -0.1238 0.4370
vn -0.0259 -0.6583 -0.7523
vn 0.5353 0.8376 -0.1086
vn 0.0421 -0.9531 -0.2996
vn 0.0622 0.6841 0.7268
vn 0.6783 0.6428 0.3560
vn 0.8902 -0.3274 0.3168
vn 0.8209 0.4494 0.3525
vn 0.3314 0.1284 0.9347
vn 0.8470 0.5133 0.1383
vn 0.6274 0.5673 -0.5334
vn 0.0262 0.7217 0.6917
vn 0.4051 0.8898 -0.2101
vn 0.3485 0.2688 -0.8980
vn 0.6581 -0.6830 0.3168
vn -0.4100 -0.1912 -0.8918
vn 0.8524 -0.4754 0.2179
vn 0.6988 -0.2384 0.6745
vn 0.9572 0.2389 -0.1632
vn -0.6817 0.2714 0.6795
vn -0.6757 0.6895 0.2607
vn -0.9808 0.1732 -0.0894
vn 0.7176 -0.6905 0.0911
vn 0.8954 -0.0387 -0.4435
vn -0.3597 0.4235 -0.8314
vn -0.1493 0.7025 0.6958
vn -0.7351 -0.2418 0.6334
vn -0.4822 0.8429 0.2386
vn -0.8771 0.3679 0.3089
vn -0.7584 0.2635 0.5961
vn -0.3893 0.3840 0.8373
vn 0.2474 -0.4817 0.8407
vn -0.0090 -0.7300 0.6834
vn 0.1445 -0.6728 0.7256
vn -0.0470 0.7346 0.6769
vn 0.0220 0.4404 0.8976
vn -0.8566 0.0818 0.5095
vn -0.8086 0.1711 0.5629
vn 0.1642 0.7584 0.6307
vn -0.5125 0.7738 0.3722
vn -0.1468 0.8229 0.5489
vn -0.2311 0.8466 0.4795
vn -0.9758 -0.1573 -0.1518
vn -0.9312 0.0281 0.3635
vn -0.1019 0.1028 -0.9895
vn -0.6885 -0.0569 0.7230
vn -0.8827 -0.0976 0.4596
vn -0.4613 0.1424 0.8757
vn -0.7333 0.4250 -0.5307
vn 0.7375 -0.5180 -0.4333
vn -0.9007 -0.2239 -0.3723
vn 0.1000 0.3804 -0.9194
vn 0.7911 0.3028 -0.5314
vn 0.6693 -0.3380 -0.6616
vn 0.7407 -0.1428 -0.6565
vn -0.9906 -0.1345 -0.0246
vn 0.6836 -0.7291 0.0330
vn -0.9636 -0.2664 -0.0225
vn 0.7518 -0.6447 -0.1386
vn -0.5345 -0.2764 -0.7987
vn -0.1522 -0.6725 0.7243
vn 0.0613 -0.6930 0.7183
vn 0.3292 0.3056 0.8934
vn 0.5172 -0.5458 -0.6592
vn 0.2437 0.3726 -0.8954
vn 0.8109 0.3629 -0.4591
vn 0.5830 0.0962 -0.8068
vn 0.3300 0.9276 -0.1752
vn -0.3283 0.1519 -0.9323
vn 0.7937 -0.1786 -0.5815
vn 0.7048 0.4895 -0.5135
vn 0.9107 0.2108 0.3552
vn -0.7405 -0.1427 -0.6567
vn 0.0168 0.5453 0.8381
vn -0.6924 -0.7212 -0.0232
vn -0.6499 -0.7073 -0.2782
vn 0.8584 -0.1820 -0.4796
vn 0.2470 -0.8970 -0.3666
vn 0.6075 0.6631 -0.4373
vn 0.4598 0.8562 -0.2355
vn 0.1718 0.7687 -0.6161
vn 0.0916 0.7867 0.6105
vn -0.7062 0.6009 -0.3746
vn -0.8384 0.2556 -0.4814
vn 0.0580 0.8716 0.4868
vn -0.3212 0.8089 0.4925
vn 0.5809 0.7313 0.3576
vn -0.7828 0.0152 0.6221
vn 0.4947 0.3457 0.7974
vn -0.4628 -0.6919 -0.5542
vn 0.0000 -0.7308 -0.6826
vn -0.1918 -0.6379 0.7458
vn 0.1541 -0.6253 0.7650
vn 0.6109 0.6340 0.4742
vn 0.8560 0.0354 0.5157
vn 0.7404 0.0936 -0.6656
vn 0.4845 -0.5561 -0.6753
vn -0.1571 -0.8374 0.5235
vn -0.7016 0.4418 -0.5591
vn -0.7746 -0.0015 0.6325
vn -0.1787 -0.0507 -0.9826
vn -0.1529 -0.9181 0.3656
vn 0.1658 -0.8634 -0.4764
vn -0.3491 -0.7602 0.5479
vn -0.2337 -0.5084 -0.8288
vn 0.3231 -0.7144 -0.6206
vn 0.3157 -0.3311 0.8892
vn -0.0650 -0.2050 0.9766
vn 0.5182 0.0483 0.8539
vn 0.2627 -0.0244 0.9646
vn 0.3840 0.2301 0.8942
vn -0.0263 0.2219 0.9747
vn -0.5737 0.2377 0.7838
vn -0.4608 0.2398 0.8545
vn -0.4089 0.0911 0.9080
vn -0.4357 -0.0879 -0.8958
vn 0.2802 0.7440 -0.6066
vn -0.7979 0.2548 -0.5462
vn 0.6403 0.6889 -0.3397
vn 0.3885 0.5920 0.7061
vn 0.8015 0.0359 0.5969
vn 0.7230 0.6754 0.1456
vn 0.9350 0.3132 0.1666
vn 0.0906 -0.4695 0.8783
vn 0.3116 -0.5031 0.8061
vn 0.9178 0.3617 0.1636
vn 0.7727 0.1067 0.6258
vn 0.9655 0.2163 -0.1452
vn 0.9052 0.1309 0.4043
vn 0.8574 -0.2359 0.4574
vn 0.8182 -0.0883 0.5682
vn 0.9340 0.3451 0.0924
vn 0.5153 0.8320 0.2055
vn 0.8682 0.4380 0.2332
vn 0.4440 -0.3302 0.8330
vn 0.3692 -0.2111 0.9051
vn -0.6615 0.3591 0.6584
vn -0.7439 0.5053 0.4374
vn -0.4201 0.6946 -0.5840
vn -0.7850 0.4005 0.4726
vn -0.7522 0.6151 0.2363
vn -0.3144 -0.1431 -0.9385
vn -0.7219 -0.3494 0.5974
vn -0.8902 -0.2663 0.3695
vn -0.6320 -0.3483 0.6923
vn 0.2671 0.0313 -0.9631
vn -0.2850 -0.8762 -0.3887
vn -0.5380 -0.8050 -0.2500
vn 0.0581 -0.9886 0.1392
vn 0.2117 0.8614 0.4618
vn -0.0636 0.6609 -0.7478
vn -0.7451 -0.3905 0.5407
vn -0.9742 -0.2254 -0.0146
vn -0.7661 -0.2350 0.5981
vn -0.7269 -0.6804 0.0936
vn -0.4583 0.3983 0.7945
vn -0.6085 0.0630 0.7911
vn 0.7632 0.3269 -0.5574
vn -0.7631 0.6340 -0.1251
vn -0.8197 0.5006 0.2784
vn -0.8653 -0.3468 0.3619
vn -0.0384 0.6809 0.7314
vn 0.5181 0.7980 -0.3079
vn 0.7286 0.5134 -0.4534
vn 0.7552 -0.6553 -0.0176
vn -0.2466 -0.7506 0.6130
vn 0.7065 -0.4800 0.5201
vn 0.4503 0.8251 0.3413
vn -0.6761 0.7205 -0.1542
vn 0.1530 0.7585 0.6334
vn -0.7553 -0.6077 0.2453
vn -0.0235 -0.4312 0.9020
vn -0.7949 -0.3309 0.5086
vn -0.1869 -0.8296 0.5262
vn -0.3858 -0.0642 0.9203
vn -0.3233 -0.8175 0.4767
vn -0.9975 0.0674 0.0202
vn -0.2247 0.2953 -0.9286
vn 0.7233 -0.4300 0.5403
vn 0.9481 -0.0883 0.3056
vn 0.6524 -0.1216 -0.7481
vn 0.7625 0.0739 -0.6427
vn -0.4456 0.0679 -0.8926
vn 0.7870 0.1183 -0.6055
vn -0.4240 0.8761 -0.2294
vn -0.4947 0.7153 -0.4935
vn -0.7197 0.6045 -0.3414
vn -0.4839 0.7432 -0.4621
vn 0.3107 0.8223 -0.4768
vn 0.9585 0.0964 -0.2683
vn 0.7625 0.5241 -0.3792
vn -0.1985 0.9568 0.2122
vn -0.4376 0.8748 0.2078
vn 0.4607 0.7986 0.3872
vn -0.4875 0.7130 0.5039
vn -0.4223 -0.1328 -0.8967
vn -0.9936 -0.1054 0.0409
vn -0.8813 -0.4726 -0.0020
vn -0.6514 -0.1703 0.7394
vn 0.3761 0.2017 0.9044
vn 0.5947 0.0795 0.8000
vn 0.9581 -0.0345 -0.2845
vn 0.9813 0.1486 0.1224
vn 0.9129 0.1643 0.3737
vn 0.7507 0.3045 0.5863
vn 0.9992 -0.0398 0.0019
vn 0.5915 -0.5921 0.5473
vn 0.1636 -0.9388 0.3033
vn 0.9563 0.2922 0.0000
vn 0.0000 0.2922 -0.9563
vn -0.0712 -0.7585 -0.6478
vn 0.0028 -0.0842 -0.9964
vn 0.9967 -0.0811 -0.0005
vn -0.9913 -0.1316 0.0005
vn 0.0028 -0.0842 0.9964
vn -0.8049 -0.3547 -0.4757
vn 0.2063 -0.4457 -0.8711
vn 0.2403 -0.7179 -0.6533
vn 0.0981 -0.3946 -0.9136
vn 0.6313 0.6071 0.4827
vn 0.6748 0.4439 0.5896
vn 0.7446 0.2769 0.6074
vn 0.8577 0.2752 0.4343
vn 0.0622 0.8045 0.5906
vn 0.0397 -0.3767 0.9255
vn 0.4922 0.6570 0.5710
vn 0.7137 -0.6705 0.2026
vn 0.0111 -0.8068 0.5907
vn 0.4779 0.8252 0.3012
vn 0.3795 0.8936 0.2398
vn 0.7042 0.1545 0.6930
vn 0.4384 -0.8017 0.4063
vn 0.7540 -0.2060 0.6237
vn -0.8764 0.0908 0.4730
vn -0.6677 0.2700 0.6937
vn -0.8422 0.0055 0.5391
vn -0.9247 0.1645 0.3432
vn -0.8297 0.0611 0.5548
vn -0.8181 0.2435 0.5210
vn -0.5997 -0.0267 0.7998
vn -0.6252 -0.1283 0.7698
vn -0.3417 0.3223 0.8828
vn -0.0099 0.1311 0.9913
vn 0.0772 0.4768 0.8756
vn 0.0000 -0.1986 0.9801
vn -0.3937 -0.5069 0.7668
vn -0.5868 -0.4561 0.6691
vn -0.8392 0.1800 0.5132
vn -0.2005 0.7116 0.6733
vn -0.4332 0.7279 0.5315
vn -0.8029 -0.3713 0.4663
vn -0.8799 0.2508 -0.4036
vn -0.6110 0.7808 0.1303
vn -0.3383 0.8851 0.3197
vn -0.7027 -0.6183 0.3520
vn -0.5535 -0.6313 0.5432
vn -0.2131 -0.5859 0.7819
vn 0.1963 -0.3424 0.9188
vn -0.1340 0.3185 0.9384
vn -0.0497 -0.8710 0.4888
vn -0.2581 0.4169 0.8716
vn -0.8334 -0.4836 0.2676
vn 0.2770 -0.9586 -0.0656
vn -0.3168 -0.6639 0.6774
vn 0.0449 -0.9980 0.0441
vn -0.6331 -0.6351 0.4425
vn -0.3968 -0.9046 0.1558
vn 0.9145 0.2632 0.3073
vn 0.8988 0.3295 0.2892
vn 0.6591 -0.1033 0.7449
vn 0.9557 0.0561 0.2891
vn 0.4648 0.8227 0.3272
vn 0.1568 0.8800 -0.4483
vn -0.1715 0.7676 -0.6175
vn -0.0862 -0.3218 0.9429
vn 0.6034 -0.3145 0.7328
vn 0.7275 -0.6728 -0.1343
vn 0.0943 -0.0361 0.9949
vn 0.6176 -0.0901 0.7813
vn 0.4433 0.3454 0.8272
vn 0.5120 0.1422 0.8472
vn -0.1114 -0.9889 0.0981
vn 0.2946 -0.8712 -0.3926
vn 0.3012 -0.9322 -0.2006
vn -0.3340 -0.2184 -0.9169
vn -0.9123 -0.3910 -0.1215
vn -0.5255 -0.5741 -0.6278
vn -0.0699 -0.9660 0.2491
vn 0.3770 -0.8201 0.4304
vn 0.1878 0.2627 0.9464
vn 0.0517 -0.9193 0.3902
vn 0.6660 -0.5710 0.4800
vn 0.0427 -0.9990 -0.0132
vn 0.5595 -0.7231 0.4051
vn -0.1508 -0.7892 -0.5954
vn 0.1087 -0.4696 -0.8762
vn -0.9496 -0.2724 -0.1552
vn -0.3684 -0.3353 -0.8671
vn -0.3082 -0.2631 -0.9142
vn 0.0379 0.4298 -0.9021
vn 0.4217 -0.6971 0.5798
vn 0.8165 0.0211 0.5769
vn 0.2796 0.0013 0.9601
vn 0.5008 0.5503 0.6681
vn 0.1002 0.2955 0.9501
vn -0.3791 -0.0190 0.9251
vn -0.0634 -0.5482 0.8339
vn -0.6937 -0.5982 0.4012
vn -0.3877 -0.0643 0.9195
vn -0.7102 0.6565 0.2542
vn 0.2500 0.7757 0.5795
vn -0.9369 0.1472 0.3169
vn -0.5064 0.2718 0.8184
vn 0.1799 -0.1222 0.9761
vn -0.4889 -0.7131 0.5024
vn -0.5183 0.4133 0.7487
vn -0.7193 0.6240 -0.3055
vn -0.8201 0.5290 0.2183
vn -0.3213 0.4820 -0.8151
vn -0.8226 0.4356 -0.3656
vn -0.3189 0.2544 -0.9130
vn -0.3498 0.2754 0.8954
vn 0.1250 0.3881 -0.9131
vn -0.5036 0.6293 -0.5919
vn -0.9451 0.3203 -0.0649
vn -0.7429 0.3231 0.5863
vn 0.0351 0.2855 -0.9577
vn 0.6924 0.5597 -0.4553
vn 0.9517 0.1850 -0.2452
vn -0.1289 0.1585 -0.9789
vn 0.5186 0.8084 -0.2785
vn 0.6886 0.3573 -0.6310
vn 0.6299 -0.3453 0.6957
vn 0.5397 -0.7817 0.3125
vn -0.2062 -0.4460 -0.8709
vn -0.7982 -0.1743 -0.5766
vn -0.3541 -0.3880 -0.8509
vn -0.4879 0.3210 0.8117
vn -0.7160 0.1677 0.6776
vn -0.7446 0.2748 0.6083
vn 0.0000 0.8813 0.4726
vn 0.2744 0.8108 0.5170
vn -0.5469 -0.1907 0.8152
vn -0.5747 -0.6286 0.5240
vn 0.5256 -0.5742 -0.6277
vn 0.7518 -0.6057 -0.2606
vn 0.5159 -0.7173 0.4683
vn -0.5155 -0.8221 -0.2417
vn 0.0543 -0.9985 -0.0007
vn 0.2032 -0.4372 -0.8761
vn 0.6547 -0.7347 0.1775
vn 0.4507 -0.1651 -0.8773
vn 0.1340 0.3185 0.9384
vn 0.0047 -0.8088 0.5881
vn -0.8704 -0.2306 0.4349
vn -0.2501 0.7792 0.5747
vn -0.0442 0.7665 0.6407
vn -0.2728 -0.0846 0.9583
vn 0.0505 -0.1442 0.9883
vn -0.0515 -0.9984 0.0219
vn 0.1025 -0.9947 0.0097
vn -0.6034 -0.3145 0.7328
vn 0.0455 -0.2391 0.9699
vn -0.5232 0.1885 0.8311
vn -0.5065 0.3137 0.8032
vn 0.1238 0.3103 0.9425
vn -0.3421 -0.0897 0.9354
vn -0.6636 -0.0737 0.7445
vn -0.7043 0.0959 0.7034
vn -0.9788 0.1677 0.1177
vn -0.8940 -0.4481 0.0037
vn -0.4786 0.2942 -0.8273
vn -0.6105 0.1370 -0.7801
vn 0.7141 0.1416 -0.6855
vn -0.4097 0.1800 0.8943
vn -0.4032 0.0807 0.9115
vn -0.9454 0.2231 0.2376
vn -0.9997 0.0255 0.0003
vn -0.3747 0.2253 -0.8993
vn 0.8236 -0.3200 0.4683
vn 0.5410 -0.8407 -0.0224
vn 0.8622 -0.0245 -0.5061
vn 0.4877 -0.7678 -0.4154
vn -0.2850 -0.6607 -0.6944
vn -0.6898 -0.7235 -0.0261
vn 0.6839 0.6793 -0.2659
vn -0.0448 0.7226 -0.6898
vn 0.9794 0.1947 0.0528
vn 0.9669 -0.2543 -0.0186
vn 0.5154 0.0837 0.8529
vn -0.7135 -0.2776 0.6434
vn -0.7362 -0.1446 0.6611
vn -0.7613 -0.0460 -0.6467
vn -0.5071 0.0444 -0.8608
vn 0.6898 -0.7235 -0.0261
vn 0.0448 0.7226 -0.6898
vn -0.7098 0.5981 -0.3721
vn -0.3795 0.7322 -0.5656
vn -0.8243 -0.1858 -0.5348
vn -0.3532 -0.5425 0.7622
vn 0.5075 -0.0000 0.8616
vn 0.1067 -0.5863 0.8030
vn 0.3345 0.0814 0.9389
vn 0.1067 0.5863 0.8030
vn 0.4434 0.0798 0.8928
vn 0.9613 -0.2735 -0.0328
vn 0.6764 -0.6850 0.2707
vn -0.4597 0.6948 0.5530
vn -0.9562 -0.0551 0.2875
vn 0.0861 -0.5323 -0.8422
vn 0.3538 -0.5982 -0.7190
vn 0.0568 -0.0748 -0.9956
vn 0.4777 -0.1162 -0.8708
vn 0.2630 0.1235 -0.9569
vn 0.4100 0.8918 -0.1914
vn 0.9283 -0.1301 0.3484
vn -0.2052 0.8953 -0.3955
vn -0.2630 0.1235 -0.9569
vn -0.4555 0.2494 -0.8546
vn -0.1346 0.0152 -0.9908
vn -0.3906 -0.5221 -0.7582
vn -0.0861 -0.5323 -0.8422
vn -0.4434 0.5026 -0.7421
vn -0.7001 -0.6083 0.3739
vn -0.6731 -0.4252 0.6051
vn -0.5665 0.1108 0.8166
vn 0.2362 -0.9451 0.2256
vn -0.1226 -0.4548 0.8821
vn -0.1404 0.6411 0.7545
vn 0.0525 0.9931 -0.1048
vn 0.1734 0.9848 0.0131
vn -0.1623 0.9863 0.0281
vn -0.0525 0.9931 -0.1048
vn -0.1526 0.7522 0.6410
vn -0.2371 -0.3608 0.9020
vn -0.2315 -0.9435 0.2370
vn 0.2641 -0.8330 0.4861
vn -0.0001 -0.1891 -0.9820
vn -0.0000 -0.2224 -0.9750
vn 0.7019 0.0418 -0.7110
vn 0.3280 -0.7512 0.5729
vn 0.8231 -0.2718 0.4987
vn 0.5216 0.7913 -0.3189
vn 0.7654 0.5723 0.2942
vn 0.3421 0.9301 0.1337
vn -0.7322 0.6503 -0.2024
vn -0.1705 0.7279 -0.6642
vn -0.4142 0.8472 0.3327
vn -0.9808 0.0804 0.1775
vn -0.9576 -0.2880 -0.0078
vn 0.1741 0.7172 -0.6747
vn 0.8944 0.4471 -0.0097
vn 0.3222 0.5137 -0.7952
vn -0.4977 0.1533 0.8537
vn -0.4091 0.0315 0.9119
vn -0.3158 -0.0526 0.9474
vn -0.0011 -0.1335 0.9910
vn 0.0056 0.0001 1.0000
vn 0.3973 0.1381 0.9072
vn 0.4583 0.2039 0.8651
vn 0.4978 0.1560 0.8531
vn 0.3302 0.8882 -0.3194
vn 0.0000 0.9820 0.1891
vn 0.1379 -0.4127 0.9004
vn -0.3867 0.0793 0.9188
vn 0.2929 0.8865 0.3581
vn 0.0405 0.9015 0.4310
vn -0.3857 0.5581 -0.7347
vn 0.6364 0.2545 -0.7282
vn -0.2047 -0.2041 0.9573
vn -0.9499 -0.1169 0.2900
vn -0.9835 -0.0960 -0.1536
vn -0.5777 -0.0896 -0.8113
vn -0.0808 -0.0997 -0.9917
vn -0.1969 -0.1639 0.9666
vn -0.1377 -0.9851 -0.1032
vn -0.9553 0.1319 -0.2646
vn -0.1058 -0.9885 -0.1078
vn -0.2132 -0.9764 0.0330
vn -0.1958 -0.6363 0.7461
vn -0.6021 -0.6426 0.4739
vn -0.8353 -0.5123 -0.1995
vn -0.3849 -0.8269 0.4099
vn -0.2050 -0.7913 -0.5760
vn 0.3892 0.8505 -0.3539
vn 0.0808 -0.0997 -0.9917
vn 0.5777 -0.0896 -0.8113
vn 0.9835 -0.0960 -0.1536
vn 0.9499 -0.1169 0.2900
vn 0.2047 -0.2041 0.9573
vn 0.3748 0.1578 -0.9136
vn 0.9680 0.2431 0.0628
vn 0.9667 0.2557 0.0111
vn 0.6742 0.1813 0.7159
vn 0.0461 0.2006 0.9786
vn 0.8438 -0.0162 -0.5364
vn 0.1689 0.8454 -0.5067
vn -0.8438 -0.0162 -0.5364
vn -0.1689 0.8454 -0.5067
vn -0.3355 -0.0018 0.9420
vn 0.9319 -0.3531 0.0827
vn -0.1659 -0.9611 0.2207
vn 0.9847 0.1677 0.0477
vn -0.0193 0.0373 -0.9991
vn -0.9862 -0.0451 -0.1591
vn 0.1931 0.4307 -0.8816
vn 0.0405 -0.6278 -0.7773
vn 0.1401 0.0536 -0.9887
vn 0.1645 -0.8304 -0.5323
vn -0.2089 0.0299 -0.9775
vn -0.2013 -0.8841 -0.4217
vn -0.2169 -0.2495 -0.9438
vn 0.4674 0.3790 0.7987
vn 0.5456 0.3670 0.7535
vn 0.3552 0.3866 0.8511
vn -0.7965 0.0099 0.6045
vn 0.4415 -0.0784 0.8938
vn -0.9214 -0.3698 -0.1194
vn 0.3256 -0.9455 -0.0035
vn -0.5953 -0.3680 -0.7143
vn 0.1430 -0.1366 -0.9803
vn -0.1917 -0.9811 0.0241
vn -0.5105 -0.2136 0.8329
vn -0.6768 0.5258 0.5152
vn -0.2171 0.9537 -0.2082
vn -0.0522 0.9463 -0.3189
vn -0.6361 0.6936 -0.3381
vn -0.4036 0.7383 -0.5404
vn 0.8911 -0.2809 0.3563
vn 0.1542 -0.1489 -0.9768
vn -0.9768 -0.1489 -0.1542
vn -0.4027 -0.2530 0.8797
vn -0.9298 0.0187 0.3675
vn -0.5412 -0.8198 0.1872
vn -0.1694 -0.9828 0.0733
vn -0.7124 -0.3242 -0.6224
vn 0.3693 0.8222 -0.4330
vn 0.0692 0.9259 0.3714
vn 0.0075 -0.0773 0.9970
vn -0.3408 -0.7855 0.5165
vn 0.1817 0.7698 -0.6119
vn 0.1276 0.8303 0.5426
vn 0.0521 0.7752 0.6296
vn 0.1851 -0.1537 0.9706
vn 0.0609 -0.1931 0.9793
vn 0.0388 0.5062 -0.8616
vn -0.9241 -0.0905 0.3713
vn -0.9371 -0.0406 0.3468
vn -0.9119 0.0544 0.4069
vn -0.8709 0.0873 0.4837
vn -0.9473 -0.0189 0.3198
vn 0.0000 -0.6774 -0.7356
vn 0.3284 -0.6183 -0.7141
vn 0.5034 -0.2666 -0.8219
vn 0.8353 -0.5123 -0.1995
vn 0.9258 -0.3602 -0.1149
vn 0.6021 -0.6426 0.4739
vn 0.6581 -0.3768 0.6518
vn 0.1958 -0.6363 0.7461
vn 0.3568 -0.9287 -0.1009
vn -0.6056 -0.7851 0.1298
vn 0.3157 -0.9488 -0.0081
vn 0.0617 -0.8785 -0.4737
vn 0.1499 -0.9841 0.0954
vn -0.0953 0.0310 -0.9950
vn 0.5748 0.1360 -0.8069
vn -0.0290 -0.4496 -0.8928
vn -0.8958 0.0017 -0.4445
vn -0.7224 0.0763 0.6873
vn 0.4074 -0.3306 0.8513
vn 0.9548 0.2972 -0.0031
vn 0.3876 -0.4084 -0.8265
vn 0.0562 -0.3761 -0.9249
vn -0.2783 0.4496 -0.8488
vn 0.8949 0.4288 -0.1238
vn 0.9657 -0.1840 -0.1829
vn 0.4470 -0.8302 -0.3332
vn -0.5119 0.7115 0.4814
vn -0.3811 0.8804 -0.2822
vn -0.0516 0.5720 -0.8186
vn 0.2782 0.4496 -0.8488
vn 0.6746 -0.2659 -0.6887
vn -0.0646 -0.8795 -0.4715
vn 0.1498 -0.1832 -0.9716
vn -0.0602 -0.9978 -0.0269
vn 0.1179 -0.3104 -0.9433
vn 0.1267 -0.8678 -0.4805
vn 0.1389 0.0622 -0.9883
vn -0.3563 -0.8090 -0.4676
vn -0.2762 0.0199 -0.9609
vn -0.3982 -0.6725 -0.6239
vn -0.1931 0.4307 -0.8816
vn -0.5924 0.5675 -0.5718
vn -0.3693 0.8222 -0.4330
vn -0.2428 0.9444 0.2218
vn -0.0692 0.9259 0.3714
vn 0.3580 0.0508 0.9324
vn -0.0466 -0.0883 0.9950
vn 0.6413 -0.6093 0.4663
vn 0.3394 -0.7958 0.5016
vn -0.6846 -0.0871 0.7237
vn -0.2899 0.0295 0.9566
vn 0.0657 0.1455 0.9872
vn 0.6085 0.3038 0.7331
vn 0.8130 0.3189 0.4871
vn 0.9520 0.2468 0.1812
vn 0.9728 0.1763 0.1502
vn 0.9785 0.1724 0.1131
vn 0.4523 0.3588 -0.8165
vn 0.3320 0.1073 -0.9371
vn 0.4312 -0.1585 -0.8882
vn 0.0443 -0.0671 -0.9968
vn -0.5112 0.1932 -0.8374
vn -0.9604 0.2785 -0.0037
vn -0.9121 0.4099 -0.0004
vn -0.9804 -0.1522 -0.1248
vn -0.3455 -0.8937 -0.2861
vn 0.6039 0.5507 -0.5762
vn 0.4765 0.8488 0.2292
vn -0.0999 0.1251 0.9871
vn -0.6466 -0.6314 0.4280
vn -0.0826 0.7528 0.6531
vn -0.2061 0.0172 0.9784
vn -0.0983 0.7443 0.6606
vn -0.0579 -0.1879 0.9805
vn -0.0187 0.3425 0.9393
vn -0.0496 -0.7273 0.6845
vn -0.2853 0.4471 0.8478
vn -0.5405 0.3823 0.7495
vn -0.3529 0.3990 0.8463
vn -0.0232 0.9731 -0.2293
vn 0.0993 0.7234 0.6832
vn 0.4950 -0.1623 0.8536
vn 0.3191 -0.9454 -0.0662
vn -0.0001 -0.2828 -0.9592
vn 0.1470 0.8730 -0.4651
vn -0.4334 0.8386 -0.3300
vn -0.8598 0.4741 0.1898
vn -0.6821 0.5243 0.5098
vn -0.0214 0.1242 0.9920
vn 0.5794 -0.0796 0.8112
vn -0.6502 0.2521 0.7167
vn -0.4822 0.5580 0.6754
vn 0.4237 0.8023 0.4205
vn 0.9516 0.1510 0.2678
vn 0.6742 -0.6506 0.3496
vn -0.1311 -0.8009 0.5843
vn -0.8827 0.4153 0.2200
vn -0.2321 0.9145 0.3314
vn 0.6796 0.7306 0.0662
vn 0.9828 -0.1836 -0.0209
vn 0.3743 -0.9139 0.1573
vn -0.5373 -0.7300 0.4225
vn -0.3694 0.8218 0.4338
vn 0.0000 0.6659 0.7460
vn 0.6426 0.5711 0.5107
vn -0.1256 0.9560 -0.2653
vn -0.5622 -0.0613 0.8247
vn -0.8108 -0.5487 0.2040
vn -0.2590 -0.3230 -0.9103
vn -0.0117 -0.2195 -0.9755
vn -0.4368 -0.2989 -0.8485
vn -0.3104 0.7756 -0.5496
vn -0.1335 0.4694 -0.8728
vn -0.0474 0.3408 -0.9390
vn 0.0437 -0.0720 -0.9964
vn 0.3726 -0.1994 -0.9063
vn 0.3938 -0.1829 -0.9008
vn 0.9961 0.0022 0.0886
vn -0.2742 -0.1496 -0.9500
vn 0.5437 -0.2816 -0.7906
vn -0.1031 0.8710 -0.4804
vn 0.0501 0.8738 -0.4837
vn 0.1294 0.9520 -0.2773
vn -0.5437 -0.2816 -0.7906
vn -0.4295 -0.8269 -0.3629
vn -0.5272 0.1374 -0.8386
vn 0.7484 0.6101 -0.2600
vn 0.6787 -0.6775 0.2836
vn -0.6739 0.6799 -0.2890
vn 0.7271 0.6349 -0.2611
usemtl None
s 1
f 1/1/1 2/2/2 3/3/3
f 4/4/4 5/5/5 6/6/6
f 7/7/7 8/8/8 9/9/9
f 10/10/10 11/11/11 12/12/12
f 13/13/13 14/14/14 15/15/15
f 16/16/16 17/17/17 18/18/18
f 19/19/19 20/20/20 21/21/21
f 22/22/22 23/23/23 24/24/24
f 25/25/25 26/26/26 27/27/27
f 28/28/28 29/29/29 30/30/30
f 31/31/31 32/32/32 33/33/33
f 34/34/34 35/35/35 36/36/36
f 37/37/37 38/38/38 39/39/39
f 40/40/40 41/41/41 42/42/42
f 43/43/43 44/44/44 45/45/45
f 44/44/44 46/46/46 47/47/47
f 47/47/47 48/48/48 44/44/44
f 41/41/41 49/49/49 50/50/50
f 50/50/50 51/51/51 41/41/41
f 48/48/48 50/50/50 49/49/49
f 51/51/51 47/47/47 46/46/46
f 52/52/52 53/53/53 54/54/54
f 55/55/55 56/56/56 57/57/57
f 58/58/58 59/59/59 60/60/60
f 61/61/61 62/62/62 63/63/63
f 61/64/61 64/65/64 65/66/65
f 66/67/66 67/68/67 68/69/68
f 69/70/69 70/71/70 71/72/71
f 68/73/68 72/74/72 73/75/73
f 68/76/68 70/77/70 72/78/72
f 74/79/74 75/80/75 76/81/76
f 77/82/77 78/83/78 79/84/79
f 80/85/80 81/86/81 82/87/82
f 74/79/74 83/88/83 84/89/84
f 85/90/85 75/80/75 72/74/72
f 86/91/86 87/92/87 88/93/88
f 89/94/89 90/95/90 91/96/91
f 92/97/92 93/98/93 94/99/94
f 95/100/95 96/101/96 92/97/92
f 97/102/97 98/103/98 99/104/99
f 100/105/100 101/106/101 102/107/102
f 103/108/103 104/109/104 63/110/63
f 105/111/105 106/112/106 107/113/107
f 108/114/108 109/115/109 110/116/110
f 103/117/103 111/118/111 112/119/112
f 113/120/113 114/121/114 115/122/115
f 116/123/116 117/124/117 118/125/118
f 119/126/119 120/127/120 79/84/79
f 121/128/121 122/129/122 123/130/123
f 124/131/124 125/132/125 126/133/126
f 127/134/127 128/135/128 129/136/129
f 130/137/130 131/138/131 132/139/132
f 133/140/133 134/141/134 135/142/135
f 136/143/136 137/144/137 138/145/138
f 139/146/139 140/147/140 141/148/141
f 142/149/142 143/150/143 144/151/144
f 145/152/145 146/153/146 147/154/147
f 148/155/148 149/156/149 150/157/150
f 151/158/151 152/159/152 153/160/153
f 154/161/154 155/162/155 156/163/156
f 157/164/157 158/165/158 159/166/159
f 160/167/160 161/168/161 162/169/162
f 163/170/163 164/171/164 165/172/165
f 166/173/166 167/174/167 168/175/168
f 169/176/169 170/177/170 166/173/166
f 171/178/171 172/179/172 173/180/173
f 174/181/174 175/182/175 176/183/176
f 177/184/177 178/185/178 179/186/179
f 180/187/180 181/188/181 182/189/182
f 183/190/183 184/191/184 185/192/185
f 186/193/186 187/194/187 188/195/188
f 2/2/2 1/1/1 189/196/189
f 190/197/190 189/196/189 1/1/1
f 191/198/191 192/199/192 193/200/193
f 194/201/194 193/200/193 192/199/192
f 195/202/195 196/203/196 197/204/197
f 198/205/198 197/204/197 196/203/196
f 199/206/199 200/207/200 201/208/201
f 202/209/202 201/208/201 200/207/200
f 203/210/203 204/211/204 205/212/205
f 206/213/206 205/212/205 204/211/204
f 15/15/15 207/214/207 13/13/13
f 208/215/208 13/13/13 207/214/207
f 209/216/209 210/217/210 211/218/211
f 212/219/212 211/218/211 210/217/210
f 213/220/213 214/221/214 215/222/215
f 216/223/216 215/222/215 214/221/214
f 33/224/33 32/225/32 217/226/217
f 218/227/218 217/226/217 32/225/32
f 219/228/219 220/229/220 221/230/221
f 28/28/28 221/230/221 220/229/220
f 32/225/32 31/231/31 222/232/222
f 223/233/223 222/232/222 31/231/31
f 224/234/224 225/235/225 226/236/226
f 227/237/227 226/236/226 225/235/225
f 228/238/228 229/239/229 43/43/43
f 230/240/230 43/43/43 229/239/229
f 231/241/231 230/240/230 232/242/232
f 229/239/229 232/242/232 230/240/230
f 40/40/40 233/243/233 234/244/234
f 235/245/235 234/244/234 233/243/233
f 234/244/234 235/245/235 236/246/236
f 237/247/237 236/246/236 235/245/235
f 42/42/42 45/45/45 40/40/40
f 233/243/233 40/40/40 45/45/45
f 42/42/42 228/238/228 45/45/45
f 43/43/43 45/45/45 228/238/228
f 238/248/238 239/249/239 232/242/232
f 231/241/231 232/242/232 239/249/239
f 240/250/240 241/251/241 237/247/237
f 236/246/236 237/247/237 241/251/241
f 44/44/44 239/249/239 46/46/46
f 238/248/238 46/46/46 239/249/239
f 49/49/49 41/41/41 240/250/240
f 241/251/241 240/250/240 41/41/41
f 242/252/242 243/253/243 244/254/244
f 245/255/245 244/254/244 243/253/243
f 246/256/246 247/257/247 248/258/248
f 249/259/249 248/258/248 247/257/247
f 250/260/250 251/261/251 252/262/252
f 253/263/253 252/262/252 251/261/251
f 254/264/254 109/265/109 86/266/86
f 108/267/108 86/266/86 109/265/109
f 255/268/255 256/269/256 60/270/60
f 58/271/58 60/270/60 256/269/256
f 81/86/81 98/272/98 257/273/257
f 97/274/97 257/273/257 98/272/98
f 258/275/258 83/276/83 259/277/259
f 74/278/74 259/277/259 83/276/83
f 260/279/260 85/280/85 261/281/261
f 262/282/262 261/281/261 85/280/85
f 263/283/263 264/284/264 265/285/265
f 78/286/78 265/285/265 264/284/264
f 266/287/266 267/288/267 268/289/268
f 260/279/260 268/289/268 267/288/267
f 269/290/269 94/291/94 270/292/270
f 80/293/80 270/292/270 94/291/94
f 113/294/113 271/295/271 272/296/272
f 273/297/273 272/296/272 271/295/271
f 274/298/274 272/299/272 275/300/275
f 276/301/276 275/300/275 272/299/272
f 277/302/277 278/303/278 279/304/279
f 127/134/127 279/304/279 278/303/278
f 280/305/280 281/306/281 282/307/282
f 283/308/283 282/307/282 281/306/281
f 56/309/56 284/310/284 57/311/57
f 253/312/253 57/311/57 284/310/284
f 285/313/285 286/314/286 287/315/287
f 288/316/288 287/315/287 286/314/286
f 289/317/289 180/187/180 290/318/290
f 291/319/291 290/318/290 180/187/180
f 292/320/292 293/321/293 294/322/294
f 295/323/295 294/322/294 293/321/293
f 296/324/296 297/325/297 298/326/298
f 299/327/299 298/326/298 297/325/297
f 300/328/300 301/329/301 296/330/296
f 297/331/297 296/330/296 301/329/301
f 302/332/302 303/333/303 304/334/304
f 305/335/305 304/334/304 303/333/303
f 306/336/306 302/337/302 307/338/307
f 304/339/304 307/338/307 302/337/302
f 308/340/308 309/341/309 310/342/310
f 311/343/311 310/342/310 309/341/309
f 310/342/310 311/343/311 312/344/312
f 313/345/313 314/346/314 315/347/315
f 316/348/316 315/347/315 314/346/314
f 315/347/315 316/348/316 317/349/317
f 318/350/318 319/351/319 320/352/320
f 321/353/321 320/352/320 319/351/319
f 320/352/320 321/353/321 322/354/322
f 323/355/323 324/356/324 199/357/199
f 325/358/325 199/357/199 324/356/324
f 199/357/199 325/358/325 200/359/200
f 326/360/326 327/361/327 328/362/328
f 329/363/329 328/362/328 327/361/327
f 328/362/328 329/363/329 197/204/197
f 330/364/330 321/353/321 331/365/331
f 332/366/332 331/365/331 321/353/321
f 331/365/331 332/366/332 195/202/195
f 333/367/333 334/368/334 335/369/335
f 336/370/336 335/369/335 334/368/334
f 335/369/335 336/370/336 337/371/337
f 338/372/338 339/373/339 340/374/340
f 341/375/341 340/374/340 339/373/339
f 340/374/340 341/375/341 342/376/342
f 38/38/38 343/377/343 39/39/39
f 344/378/344 39/39/39 343/377/343
f 39/39/39 344/378/344 37/37/37
f 44/44/44 43/43/43 239/249/239
f 230/240/230 239/249/239 43/43/43
f 239/249/239 230/240/230 231/241/231
f 41/41/41 40/40/40 241/251/241
f 234/244/234 241/251/241 40/40/40
f 241/251/241 234/244/234 236/246/236
f 345/379/345 346/380/346 347/381/347
f 48/382/48 347/381/347 346/380/346
f 347/381/347 48/382/48 47/383/47
f 50/384/50 48/382/48 348/385/348
f 346/380/346 348/385/348 48/382/48
f 348/385/348 346/380/346 345/379/345
f 47/383/47 51/386/51 347/381/347
f 349/387/349 347/381/347 51/386/51
f 347/381/347 349/387/349 345/379/345
f 345/379/345 349/387/349 348/385/348
f 51/386/51 348/385/348 349/387/349
f 348/385/348 51/386/51 50/384/50
f 350/388/350 351/389/351 251/390/251
f 352/391/352 251/390/251 351/389/351
f 251/390/251 352/391/352 353/392/353
f 254/393/254 86/394/86 354/395/354
f 88/396/88 354/395/354 86/394/86
f 354/395/354 88/396/88 355/397/355
f 67/68/67 66/67/66 65/66/65
f 356/398/356 65/66/65 66/67/66
f 65/66/65 356/398/356 61/64/61
f 60/270/60 355/399/355 69/70/69
f 357/400/357 69/70/69 355/399/355
f 69/70/69 357/400/357 70/71/70
f 358/401/358 359/402/359 360/403/360
f 259/277/259 360/403/360 359/402/359
f 360/403/360 259/277/259 74/278/74
f 89/94/89 91/96/91 361/404/361
f 362/405/362 361/404/361 91/96/91
f 361/404/361 362/405/362 78/406/78
f 95/100/95 363/407/363 96/101/96
f 364/408/364 96/101/96 363/407/363
f 96/101/96 364/408/364 365/409/365
f 365/409/365 366/410/366 96/101/96
f 93/98/93 96/101/96 366/410/366
f 96/101/96 93/98/93 92/97/92
f 95/100/95 92/97/92 367/411/367
f 94/99/94 367/411/367 92/97/92
f 367/411/367 94/99/94 269/412/269
f 115/122/115 114/121/114 368/413/368
f 369/414/369 368/413/368 114/121/114
f 368/413/368 369/414/369 118/415/118
f 115/416/115 368/417/368 370/418/370
f 371/419/371 370/418/370 368/417/368
f 370/418/370 371/419/371 372/420/372
f 113/421/113 115/416/115 124/131/124
f 370/418/370 124/131/124 115/416/115
f 124/131/124 370/418/370 125/132/125
f 373/422/373 277/423/277 374/424/374
f 279/425/279 374/424/374 277/423/277
f 374/424/374 279/425/279 127/426/127
f 126/133/126 375/427/375 376/428/376
f 377/429/377 376/428/376 375/427/375
f 376/428/376 377/429/377 378/430/378
f 379/431/379 258/432/258 380/433/380
f 381/434/381 380/433/380 258/432/258
f 380/433/380 381/434/381 382/435/382
f 383/436/383 120/437/120 384/438/384
f 382/439/382 384/438/384 120/437/120
f 384/438/384 382/439/382 385/440/385
f 386/441/386 387/442/387 110/443/110
f 388/444/388 110/443/110 387/442/387
f 110/443/110 388/444/388 108/445/108
f 90/446/90 132/139/132 389/447/389
f 131/138/131 389/447/389 132/139/132
f 389/447/389 131/138/131 390/448/390
f 375/449/375 126/450/126 391/451/391
f 125/452/125 391/451/391 126/450/126
f 391/451/391 125/452/125 370/453/370
f 392/454/392 393/455/393 394/456/394
f 395/457/395 394/456/394 393/455/393
f 394/456/394 395/457/395 396/458/396
f 397/459/397 398/460/398 399/461/399
f 400/462/400 399/461/399 398/460/398
f 399/461/399 400/462/400 401/463/401
f 145/464/145 402/465/402 403/466/403
f 404/467/404 403/466/403 402/465/402
f 403/466/403 404/467/404 405/468/405
f 406/469/406 148/155/148 407/470/407
f 150/157/150 407/470/407 148/155/148
f 407/470/407 150/157/150 408/471/408
f 4/472/409 409/473/410 152/159/152
f 410/474/411 152/159/152 409/473/410
f 152/159/152 410/474/411 153/160/153
f 411/475/412 412/476/413 413/477/414
f 414/478/415 413/477/414 412/476/413
f 413/477/414 414/478/415 53/479/53
f 415/480/416 416/481/417 417/482/418
f 418/483/419 417/482/418 416/481/417
f 417/482/418 418/483/419 158/165/158
f 419/484/420 420/485/421 421/486/422
f 422/487/423 421/486/422 420/485/421
f 421/486/422 422/487/423 423/488/424
f 424/489/425 425/490/426 426/491/427
f 427/492/428 426/491/427 425/490/426
f 426/491/427 427/492/428 428/493/429
f 429/494/430 430/495/431 431/496/432
f 432/497/433 431/496/432 430/495/431
f 431/496/432 432/497/433 433/498/434
f 434/499/435 435/500/436 436/501/437
f 437/502/438 436/501/437 435/500/436
f 436/501/437 437/502/438 438/503/439
f 438/503/439 439/504/440 436/501/437
f 440/505/441 436/501/437 439/504/440
f 436/501/437 440/505/441 434/499/435
f 441/506/442 442/507/443 443/508/444
f 444/509/445 443/508/444 442/507/443
f 443/508/444 444/509/445 445/510/446
f 446/511/447 447/512/448 448/513/449
f 449/514/450 448/513/449 447/512/448
f 448/513/449 449/514/450 450/515/451
f 451/516/452 452/517/453 453/518/454
f 454/519/455 453/518/454 452/517/453
f 453/518/454 454/519/455 320/520/320
f 318/521/318 320/520/320 454/519/455
f 455/522/456 451/516/452 456/523/457
f 453/518/454 456/523/457 451/516/452
f 456/523/457 453/518/454 322/524/322
f 320/520/320 322/524/322 453/518/454
f 457/525/458 330/364/330 458/526/459
f 331/365/331 458/526/459 330/364/330
f 458/526/459 331/365/331 459/527/460
f 195/202/195 459/527/460 331/365/331
f 460/528/461 461/529/462 462/530/463
f 215/531/215 462/530/463 461/529/462
f 462/530/463 215/531/215 463/532/464
f 216/533/216 463/532/464 215/531/215
f 464/534/465 338/372/338 465/535/466
f 340/374/340 465/535/466 338/372/338
f 465/535/466 340/374/340 213/220/213
f 342/376/342 213/220/213 340/374/340
f 267/288/267 263/283/263 260/279/260
f 265/285/265 260/279/260 263/283/263
f 260/279/260 265/285/265 466/536/467
f 78/286/78 466/536/467 265/285/265
f 98/103/98 81/537/81 99/104/99
f 80/293/80 99/104/99 81/537/81
f 99/104/99 80/293/80 467/538/468
f 94/291/94 467/538/468 80/293/80
f 106/112/106 468/539/469 107/113/107
f 350/388/350 107/113/107 468/539/469
f 107/113/107 350/388/350 250/540/250
f 251/390/251 250/540/250 350/388/350
f 276/541/276 469/542/470 106/543/106
f 470/544/471 106/543/106 469/542/470
f 106/543/106 470/544/471 468/545/469
f 350/546/350 468/545/469 470/544/471
f 118/415/118 471/547/472 472/548/473
f 111/118/111 472/548/473 471/547/472
f 472/548/473 111/118/111 473/549/474
f 103/117/103 473/549/474 111/118/111
f 382/439/382 381/550/381 385/440/385
f 258/275/258 385/440/385 381/550/381
f 385/440/385 258/275/258 359/402/359
f 259/277/259 359/402/359 258/275/258
f 388/551/388 474/552/475 108/553/108
f 475/554/476 108/553/108 474/552/475
f 108/553/108 475/554/476 86/555/86
f 87/556/87 86/555/86 475/554/476
f 90/95/90 389/557/389 91/96/91
f 390/558/390 91/96/91 389/557/389
f 91/96/91 390/558/390 362/405/362
f 277/559/277 362/405/362 390/558/390
f 123/560/123 476/561/477 121/562/121
f 375/449/375 121/562/121 476/561/477
f 121/562/121 375/449/375 477/563/478
f 391/451/391 477/563/478 375/449/375
f 396/458/396 478/564/479 394/456/394
f 479/565/480 394/456/394 478/564/479
f 394/456/394 479/565/480 392/454/392
f 480/566/481 392/454/392 479/565/480
f 481/567/482 482/568/483 483/569/484
f 484/570/485 483/569/484 482/568/483
f 483/569/484 484/570/485 485/571/486
f 151/158/151 485/571/486 484/570/485
f 423/488/424 486/572/487 421/486/422
f 487/573/488 421/486/422 486/572/487
f 421/486/422 487/573/488 419/484/420
f 488/574/489 419/484/420 487/573/488
f 489/575/490 490/576/491 491/577/492
f 492/578/493 491/577/492 490/576/491
f 491/577/492 492/578/493 493/579/494
f 494/580/495 493/579/494 492/578/493
f 286/314/286 495/581/496 288/316/288
f 4/472/409 288/316/288 495/581/496
f 288/316/288 4/472/409 496/582/497
f 152/159/152 496/582/497 4/472/409
f 175/182/175 497/583/498 176/183/176
f 498/584/499 176/183/176 497/583/498
f 176/183/176 498/584/499 52/585/52
f 499/586/500 52/585/52 498/584/499
f 182/189/182 500/587/501 180/187/180
f 501/588/502 180/187/180 500/587/501
f 180/187/180 501/588/502 291/319/291
f 502/589/503 291/319/291 501/588/502
f 6/6/6 5/5/5 503/590/504
f 504/591/505 503/590/504 5/5/5
f 503/590/504 504/591/505 505/592/506
f 506/593/507 505/592/506 504/591/505
f 505/592/506 506/593/507 507/594/508
f 508/595/509 509/596/510 510/597/511
f 511/598/512 510/597/511 509/596/510
f 510/597/511 511/598/512 317/349/317
f 512/599/513 317/349/317 511/598/512
f 317/349/317 512/599/513 315/347/315
f 513/600/514 514/601/515 515/602/516
f 516/603/517 515/602/516 514/601/515
f 515/602/516 516/603/517 312/344/312
f 517/604/518 312/344/312 516/603/517
f 312/344/312 517/604/518 310/342/310
f 196/203/196 195/202/195 198/205/198
f 332/366/332 198/205/198 195/202/195
f 198/205/198 332/366/332 191/198/191
f 518/605/519 191/198/191 332/366/332
f 191/198/191 518/605/519 192/199/192
f 200/359/200 325/358/325 202/606/202
f 519/607/520 202/606/202 325/358/325
f 202/606/202 519/607/520 318/350/318
f 520/608/521 318/350/318 519/607/520
f 318/350/318 520/608/521 319/351/319
f 326/360/326 328/362/328 521/609/522
f 197/204/197 521/609/522 328/362/328
f 521/609/522 197/204/197 522/610/523
f 198/205/198 522/610/523 197/204/197
f 522/610/523 198/205/198 191/198/191
f 27/27/27 26/26/26 523/611/524
f 524/612/525 523/611/524 26/26/26
f 523/611/524 524/612/525 525/613/526
f 526/614/527 525/613/526 524/612/525
f 525/613/526 526/614/527 527/615/528
f 211/218/211 528/616/529 209/216/209
f 342/376/342 209/216/209 528/616/529
f 209/216/209 342/376/342 29/29/29
f 341/375/341 29/29/29 342/376/342
f 29/29/29 341/375/341 30/30/30
f 214/221/214 529/617/530 216/223/216
f 530/618/531 216/223/216 529/617/530
f 216/223/216 530/618/531 531/619/532
f 217/620/217 531/619/532 530/618/531
f 531/619/532 217/620/217 218/621/218
f 531/622/532 218/227/218 532/623/533
f 32/225/32 532/623/533 218/227/218
f 532/623/533 32/225/32 36/36/36
f 222/232/222 36/36/36 32/225/32
f 36/36/36 222/232/222 34/34/34
f 533/624/534 534/625/535 535/626/536
f 536/627/537 535/626/536 534/625/535
f 535/626/536 536/627/537 537/628/538
f 534/625/535 537/628/538 536/627/537
f 537/628/538 534/625/535 538/629/539
f 539/630/540 61/631/61 540/632/541
f 63/110/63 540/632/541 61/631/61
f 540/632/541 63/110/63 54/54/54
f 104/109/104 54/54/54 63/110/63
f 54/54/54 104/109/104 541/633/542
f 542/634/543 543/635/544 544/636/545
f 545/637/546 544/636/545 543/635/544
f 544/636/545 545/637/546 546/638/547
f 547/639/548 546/638/547 545/637/546
f 546/638/547 547/639/548 548/640/549
f 62/62/62 61/61/61 549/641/550
f 356/642/356 549/641/550 61/61/61
f 549/641/550 356/642/356 73/75/73
f 66/643/66 73/75/73 356/642/356
f 73/75/73 66/643/66 68/73/68
f 474/644/475 82/87/82 475/645/476
f 81/86/81 475/645/476 82/87/82
f 475/645/476 81/86/81 87/92/87
f 257/273/257 87/92/87 81/86/81
f 87/92/87 257/273/257 88/93/88
f 72/74/72 75/80/75 73/75/73
f 74/79/74 73/75/73 75/80/75
f 73/75/73 74/79/74 549/641/550
f 84/89/84 549/641/550 74/79/74
f 549/641/550 84/89/84 62/62/62
f 550/646/551 551/647/552 552/648/553
f 553/649/554 552/648/553 551/647/552
f 552/648/553 553/649/554 554/650/555
f 555/651/556 554/650/555 553/649/554
f 554/650/555 555/651/556 556/652/557
f 127/134/127 372/420/372 374/653/374
f 371/419/371 374/653/374 372/420/372
f 374/653/374 371/419/371 117/654/117
f 368/417/368 117/654/117 371/419/371
f 117/654/117 368/417/368 118/655/118
f 128/135/128 127/134/127 130/137/130
f 278/303/278 130/137/130 127/134/127
f 130/137/130 278/303/278 131/138/131
f 277/302/277 131/138/131 278/303/278
f 131/138/131 277/302/277 390/448/390
f 391/656/391 557/657/558 477/658/478
f 558/659/559 477/658/478 557/657/558
f 477/658/478 558/659/559 121/128/121
f 559/660/560 121/128/121 558/659/559
f 121/128/121 559/660/560 122/129/122
f 560/661/561 561/662/562 141/148/141
f 562/663/563 141/148/141 561/662/562
f 141/148/141 562/663/563 139/146/139
f 563/664/564 139/146/139 562/663/563
f 139/146/139 563/664/564 564/665/565
f 565/666/566 566/667/567 160/167/160
f 567/668/568 160/167/160 566/667/567
f 160/167/160 567/668/568 161/168/161
f 568/669/569 161/168/161 567/668/568
f 161/168/161 568/669/569 569/670/570
f 570/671/571 429/494/430 571/672/572
f 431/496/432 571/672/572 429/494/430
f 571/672/572 431/496/432 572/673/573
f 433/498/434 572/673/573 431/496/432
f 572/673/573 433/498/434 573/674/574
f 441/506/442 574/675/575 442/507/443
f 575/676/576 442/507/443 574/675/575
f 442/507/443 575/676/576 444/509/445
f 576/677/577 444/509/445 575/676/576
f 444/509/445 576/677/577 445/510/446
f 446/511/447 577/678/578 447/512/448
f 578/679/579 447/512/448 577/678/578
f 447/512/448 578/679/579 449/514/450
f 579/680/580 449/514/450 578/679/579
f 449/514/450 579/680/580 450/515/451
f 201/208/201 205/212/205 199/206/199
f 206/213/206 199/206/199 205/212/205
f 199/206/199 206/213/206 323/681/323
f 455/522/456 323/681/323 206/213/206
f 323/681/323 455/522/456 580/682/581
f 456/523/457 580/682/581 455/522/456
f 219/228/219 581/683/582 220/229/220
f 582/684/583 220/229/220 581/683/582
f 220/229/220 582/684/583 28/28/28
f 583/685/584 28/28/28 582/684/583
f 28/28/28 583/685/584 29/29/29
f 209/216/209 29/29/29 583/685/584
f 31/231/31 584/686/585 223/233/223
f 460/528/461 223/233/223 584/686/585
f 223/233/223 460/528/461 585/687/586
f 462/530/463 585/687/586 460/528/461
f 585/687/586 462/530/463 586/688/587
f 463/532/464 586/688/587 462/530/463
f 41/41/41 51/51/51 42/42/42
f 46/46/46 42/42/42 51/51/51
f 42/42/42 46/46/46 228/238/228
f 238/248/238 228/238/228 46/46/46
f 228/238/228 238/248/238 229/239/229
f 232/242/232 229/239/229 238/248/238
f 44/44/44 48/48/48 45/45/45
f 49/49/49 45/45/45 48/48/48
f 45/45/45 49/49/49 233/243/233
f 240/250/240 233/243/233 49/49/49
f 233/243/233 240/250/240 235/245/235
f 237/247/237 235/245/235 240/250/240
f 247/257/247 587/689/588 249/259/249
f 588/690/589 249/259/249 587/689/588
f 249/259/249 588/690/589 589/691/590
f 242/252/242 589/691/590 588/690/589
f 589/691/590 242/252/242 590/692/591
f 244/254/244 590/692/591 242/252/242
f 248/258/248 591/693/592 246/256/246
f 592/694/593 246/256/246 591/693/592
f 246/256/246 592/694/593 593/695/594
f 245/255/245 593/695/594 592/694/593
f 593/695/594 245/255/245 594/696/595
f 243/253/243 594/696/595 245/255/245
f 355/397/355 60/60/60 354/395/354
f 59/59/59 354/395/354 60/60/60
f 354/395/354 59/59/59 254/393/254
f 595/697/596 254/393/254 59/59/59
f 254/393/254 595/697/596 109/115/109
f 596/698/597 109/115/109 595/697/596
f 270/699/270 377/429/377 269/412/269
f 597/700/598 269/412/269 377/429/377
f 269/412/269 597/700/598 367/411/367
f 598/701/599 367/411/367 597/700/598
f 367/411/367 598/701/599 599/702/600
f 600/703/601 599/702/600 598/701/599
f 364/408/364 363/407/363 260/279/260
f 95/100/95 260/279/260 363/407/363
f 260/279/260 95/100/95 268/289/268
f 367/411/367 268/289/268 95/100/95
f 268/289/268 367/411/367 266/287/266
f 599/702/600 266/287/266 367/411/367
f 100/105/100 105/704/105 101/106/101
f 107/705/107 101/106/101 105/704/105
f 101/106/101 107/705/107 601/706/602
f 250/260/250 601/706/602 107/705/107
f 601/706/602 250/260/250 602/707/603
f 252/262/252 602/707/603 250/260/250
f 382/435/382 120/127/120 373/422/373
f 119/126/119 373/422/373 120/127/120
f 373/422/373 119/126/119 277/423/277
f 79/84/79 277/423/277 119/126/119
f 277/423/277 79/84/79 362/708/362
f 78/83/78 362/708/362 79/84/79
f 385/440/385 359/402/359 384/438/384
f 358/401/358 384/438/384 359/402/359
f 384/438/384 358/401/358 383/436/383
f 360/403/360 383/436/383 358/401/358
f 383/436/383 360/403/360 76/709/76
f 74/278/74 76/709/76 360/403/360
f 2/2/2 603/710/604 3/3/3
f 604/711/605 3/3/3 603/710/604
f 3/3/3 604/711/605 605/712/606
f 606/713/607 605/712/606 604/711/605
f 605/712/606 606/713/607 607/714/608
f 189/196/189 607/714/608 606/713/607
f 607/714/608 189/196/189 190/197/190
f 12/12/12 11/11/11 608/715/609
f 609/716/610 608/715/609 11/11/11
f 608/715/609 609/716/610 610/717/611
f 611/718/612 610/717/611 609/716/610
f 610/717/611 611/718/612 203/210/203
f 612/719/613 203/210/203 611/718/612
f 203/210/203 612/719/613 204/211/204
f 4/720/4 613/721/614 5/722/5
f 614/723/615 5/722/5 613/721/614
f 5/722/5 614/723/615 504/724/505
f 615/725/616 504/724/505 614/723/615
f 504/724/505 615/725/616 506/726/507
f 616/727/617 506/726/507 615/725/616
f 506/726/507 616/727/617 570/728/618
f 322/354/322 321/353/321 456/729/457
f 330/364/330 456/729/457 321/353/321
f 456/729/457 330/364/330 580/730/581
f 457/525/458 580/730/581 330/364/330
f 580/730/581 457/525/458 323/355/323
f 617/731/619 323/355/323 457/525/458
f 323/355/323 617/731/619 324/356/324
f 208/215/208 207/214/207 618/732/620
f 619/733/621 618/732/620 207/214/207
f 618/732/620 619/733/621 620/734/622
f 621/735/623 620/734/622 619/733/621
f 620/734/622 621/735/623 14/14/14
f 622/736/624 14/14/14 621/735/623
f 14/14/14 622/736/624 15/15/15
f 623/737/625 624/738/626 625/739/627
f 626/740/628 625/739/627 624/738/626
f 625/739/627 626/740/628 19/19/19
f 627/741/629 19/19/19 626/740/628
f 19/19/19 627/741/629 20/20/20
f 9/9/9 20/20/20 627/741/629
f 20/20/20 9/9/9 21/21/21
f 548/742/549 547/743/548 628/744/630
f 58/745/58 628/744/630 547/743/548
f 628/744/630 58/745/58 629/746/631
f 256/747/256 629/746/631 58/745/58
f 629/746/631 256/747/256 628/744/630
f 255/748/255 628/744/630 256/747/256
f 628/744/630 255/748/255 548/742/549
f 85/280/85 72/78/72 262/282/262
f 70/77/70 262/282/262 72/78/72
f 262/282/262 70/77/70 97/274/97
f 357/749/357 97/274/97 70/77/70
f 97/274/97 357/749/357 257/273/257
f 355/750/355 257/273/257 357/749/357
f 257/273/257 355/750/355 88/93/88
f 103/108/103 100/105/100 104/109/104
f 102/107/102 104/109/104 100/105/100
f 104/109/104 102/107/102 541/633/542
f 174/751/174 541/633/542 102/107/102
f 541/633/542 174/751/174 54/54/54
f 176/752/176 54/54/54 174/751/174
f 54/54/54 176/752/176 52/52/52
f 550/753/551 274/754/274 630/755/632
f 275/756/275 630/755/632 274/754/274
f 630/755/632 275/756/275 631/757/633
f 276/758/276 631/757/633 275/756/275
f 631/757/633 276/758/276 630/755/632
f 551/759/552 630/755/632 276/758/276
f 630/755/632 551/759/552 550/753/551
f 145/152/145 403/760/403 146/153/146
f 405/761/405 146/153/146 403/760/403
f 146/153/146 405/761/405 632/762/634
f 633/763/635 632/762/634 405/761/405
f 632/762/634 633/763/635 634/764/636
f 635/765/637 634/764/636 633/763/635
f 634/764/636 635/765/637 636/766/638
f 405/468/405 404/467/404 633/767/635
f 149/156/149 633/767/635 404/467/404
f 633/767/635 149/156/149 635/768/637
f 148/155/148 635/768/637 149/156/149
f 635/768/637 148/155/148 145/464/145
f 406/469/406 145/464/145 148/155/148
f 145/464/145 406/469/406 402/465/402
f 637/769/639 638/770/640 639/771/641
f 640/772/642 639/771/641 638/770/640
f 639/771/641 640/772/642 641/773/643
f 642/774/644 641/773/643 640/772/642
f 641/773/643 642/774/644 643/775/645
f 644/776/646 643/775/645 642/774/644
f 643/775/645 644/776/646 168/175/168
f 168/175/168 167/174/167 643/775/645
f 424/489/425 643/775/645 167/174/167
f 643/775/645 424/489/425 641/773/643
f 426/491/427 641/773/643 424/489/425
f 641/773/643 426/491/427 639/771/641
f 157/777/157 639/771/641 426/491/427
f 639/771/641 157/777/157 637/769/639
f 166/173/166 170/177/170 167/174/167
f 645/778/647 167/174/167 170/177/170
f 167/174/167 645/778/647 424/489/425
f 646/779/648 424/489/425 645/778/647
f 424/489/425 646/779/648 425/490/426
f 647/780/649 425/490/426 646/779/648
f 425/490/426 647/780/649 427/492/428
f 171/178/171 173/180/173 648/781/650
f 649/782/651 648/781/650 173/180/173
f 648/781/650 649/782/651 650/783/652
f 651/784/653 650/783/652 649/782/651
f 650/783/652 651/784/653 652/785/654
f 653/786/655 652/785/654 651/784/653
f 652/785/654 653/786/655 172/179/172
f 654/787/656 494/580/495 655/788/657
f 492/578/493 655/788/657 494/580/495
f 655/788/657 492/578/493 656/789/658
f 490/576/491 656/789/658 492/578/493
f 656/789/658 490/576/491 657/790/659
f 489/575/490 657/790/659 490/576/491
f 657/790/659 489/575/490 658/791/660
f 657/790/659 659/792/661 656/789/658
f 171/793/171 656/789/658 659/792/661
f 656/789/658 171/793/171 655/788/657
f 648/794/650 655/788/657 171/793/171
f 655/788/657 648/794/650 654/787/656
f 650/795/652 654/787/656 648/794/650
f 654/787/656 650/795/652 652/796/654
f 309/341/309 508/595/509 311/343/311
f 510/597/511 311/343/311 508/595/509
f 311/343/311 510/597/511 312/344/312
f 317/349/317 312/344/312 510/597/511
f 312/344/312 317/349/317 515/602/516
f 316/348/316 515/602/516 317/349/317
f 515/602/516 316/348/316 513/600/514
f 314/346/314 513/600/514 316/348/316
f 33/33/33 660/797/662 31/31/31
f 464/534/465 31/31/31 660/797/662
f 31/31/31 464/534/465 584/798/585
f 465/535/466 584/798/585 464/534/465
f 584/798/585 465/535/466 460/799/461
f 213/220/213 460/799/461 465/535/466
f 460/799/461 213/220/213 461/800/462
f 215/222/215 461/800/462 213/220/213
f 38/38/38 661/801/663 343/377/343
f 662/802/664 343/377/343 661/801/663
f 343/377/343 662/802/664 344/378/344
f 663/803/665 344/378/344 662/802/664
f 344/378/344 663/803/665 37/37/37
f 664/804/666 37/37/37 663/803/665
f 37/37/37 664/804/666 38/38/38
f 661/801/663 38/38/38 664/804/666
f 227/805/227 664/806/666 226/807/226
f 663/808/665 226/807/226 664/806/666
f 226/807/226 663/808/665 224/809/224
f 662/810/664 224/809/224 663/808/665
f 224/809/224 662/810/664 225/811/225
f 661/812/663 225/811/225 662/810/664
f 225/811/225 661/812/663 227/805/227
f 664/806/666 227/805/227 661/812/663
f 251/261/251 353/813/353 253/263/253
f 539/630/540 253/263/253 353/813/353
f 253/263/253 539/630/540 57/57/57
f 540/632/541 57/57/57 539/630/540
f 57/57/57 540/632/541 55/55/55
f 54/54/54 55/55/55 540/632/541
f 55/55/55 54/54/54 56/56/56
f 53/53/53 56/56/56 54/54/54
f 120/127/120 383/814/383 79/84/79
f 76/81/76 79/84/79 383/814/383
f 79/84/79 76/81/76 77/82/77
f 75/80/75 77/82/77 76/81/76
f 77/82/77 75/80/75 78/83/78
f 85/90/85 78/83/78 75/80/75
f 78/83/78 85/90/85 466/815/467
f 260/816/260 466/815/467 85/90/85
f 374/424/374 117/124/117 373/422/373
f 116/123/116 373/422/373 117/124/117
f 373/422/373 116/123/116 382/435/382
f 665/817/667 382/435/382 116/123/116
f 382/435/382 665/817/667 380/433/380
f 666/818/668 380/433/380 665/817/667
f 380/433/380 666/818/668 379/431/379
f 667/819/669 379/431/379 666/818/668
f 137/820/137 668/821/670 669/822/671
f 563/823/564 669/822/671 668/821/670
f 669/822/671 563/823/564 670/824/672
f 562/825/563 670/824/672 563/823/564
f 670/824/672 562/825/563 671/826/673
f 561/827/562 671/826/673 562/825/563
f 671/826/673 561/827/562 672/828/674
f 560/829/561 672/828/674 561/827/562
f 252/830/252 253/312/253 673/831/675
f 284/310/284 673/831/675 253/312/253
f 673/831/675 284/310/284 408/471/408
f 674/832/676 408/471/408 284/310/284
f 408/471/408 674/832/676 407/470/407
f 675/833/677 407/470/407 674/832/676
f 407/470/407 675/833/677 406/469/406
f 402/465/402 406/469/406 675/833/677
f 56/309/56 53/479/53 284/310/284
f 414/478/415 284/310/284 53/479/53
f 284/310/284 414/478/415 674/832/676
f 676/834/678 674/832/676 414/478/415
f 674/832/676 676/834/678 675/833/677
f 677/835/679 675/833/677 676/834/678
f 675/833/677 677/835/679 402/465/402
f 404/467/404 402/465/402 677/835/679
f 602/836/603 252/830/252 678/837/680
f 673/831/675 678/837/680 252/830/252
f 678/837/680 673/831/675 485/571/486
f 408/471/408 485/571/486 673/831/675
f 485/571/486 408/471/408 483/569/484
f 150/157/150 483/569/484 408/471/408
f 483/569/484 150/157/150 481/567/482
f 149/156/149 481/567/482 150/157/150
f 289/317/289 679/838/681 180/187/180
f 680/839/682 180/187/180 679/838/681
f 180/187/180 680/839/682 181/188/181
f 681/840/683 181/188/181 680/839/682
f 181/188/181 681/840/683 682/841/684
f 178/185/178 682/841/684 681/840/683
f 682/841/684 178/185/178 683/842/685
f 177/184/177 683/842/685 178/185/178
f 616/727/617 684/843/686 570/728/618
f 685/844/687 570/728/618 684/843/686
f 570/728/618 685/844/687 686/845/688
f 687/846/689 686/845/688 685/844/687
f 686/845/688 687/846/689 688/847/690
f 689/848/691 688/847/690 687/846/689
f 688/847/690 689/848/691 690/849/692
f 691/850/693 690/849/692 689/848/691
f 690/849/692 691/850/693 4/720/4
f 16/16/16 18/18/18 692/851/694
f 693/852/695 692/851/694 18/18/18
f 692/851/694 693/852/695 694/853/696
f 695/854/697 694/853/696 693/852/695
f 694/853/696 695/854/697 696/855/698
f 22/856/22 696/855/698 695/854/697
f 696/855/698 22/856/22 17/17/17
f 24/857/24 17/17/17 22/856/22
f 17/17/17 24/857/24 18/18/18
f 697/858/699 25/25/25 23/23/23
f 27/27/27 23/23/23 25/25/25
f 23/23/23 27/27/27 24/24/24
f 523/611/524 24/24/24 27/27/27
f 24/24/24 523/611/524 18/859/18
f 525/613/526 18/859/18 523/611/524
f 18/859/18 525/613/526 693/860/695
f 527/615/528 693/860/695 525/613/526
f 693/860/695 527/615/528 695/861/697
f 507/862/508 623/737/625 698/863/700
f 625/739/627 698/863/700 623/737/625
f 698/863/700 625/739/627 337/371/337
f 19/19/19 337/371/337 625/739/627
f 337/371/337 19/19/19 335/369/335
f 21/21/21 335/369/335 19/19/19
f 335/369/335 21/21/21 333/367/333
f 699/864/701 333/367/333 21/21/21
f 333/367/333 699/864/701 700/865/702
f 694/866/696 701/867/703 692/868/694
f 702/869/704 692/868/694 701/867/703
f 692/868/694 702/869/704 16/870/16
f 703/871/705 16/870/16 702/869/704
f 16/870/16 703/871/705 17/872/17
f 35/35/35 17/872/17 703/871/705
f 17/872/17 35/35/35 696/873/698
f 34/34/34 696/873/698 35/35/35
f 696/873/698 34/34/34 694/866/696
f 352/874/352 351/875/351 704/876/706
f 350/546/350 704/876/706 351/875/351
f 704/876/706 350/546/350 705/877/707
f 470/544/471 705/877/707 350/546/350
f 705/877/707 470/544/471 706/878/708
f 469/542/470 706/878/708 470/544/471
f 706/878/708 469/542/470 273/297/273
f 276/541/276 273/297/273 469/542/470
f 273/297/273 276/541/276 272/296/272
f 60/270/60 69/70/69 255/268/255
f 71/72/71 255/268/255 69/70/69
f 255/268/255 71/72/71 548/640/549
f 707/879/709 548/640/549 71/72/71
f 548/640/549 707/879/709 546/638/547
f 708/880/710 546/638/547 707/879/709
f 546/638/547 708/880/710 544/636/545
f 709/881/711 544/636/545 708/880/710
f 544/636/545 709/881/711 542/634/543
f 260/279/260 261/281/261 364/408/364
f 262/282/262 364/408/364 261/281/261
f 364/408/364 262/282/262 365/409/365
f 97/274/97 365/409/365 262/282/262
f 365/409/365 97/274/97 366/410/366
f 99/882/99 366/410/366 97/274/97
f 366/410/366 99/882/99 93/98/93
f 467/883/468 93/98/93 99/882/99
f 93/98/93 467/883/468 94/99/94
f 271/295/271 710/884/712 273/297/273
f 711/885/713 273/297/273 710/884/712
f 273/297/273 711/885/713 706/878/708
f 712/886/714 706/878/708 711/885/713
f 706/878/708 712/886/714 705/877/707
f 713/887/715 705/877/707 712/886/714
f 705/877/707 713/887/715 704/876/706
f 714/888/716 704/876/706 713/887/715
f 704/876/706 714/888/716 352/874/352
f 715/889/717 716/890/718 717/891/719
f 718/892/720 717/891/719 716/890/718
f 717/891/719 718/892/720 719/893/721
f 720/894/722 719/893/721 718/892/720
f 719/893/721 720/894/722 721/895/723
f 722/896/724 721/895/723 720/894/722
f 721/895/723 722/896/724 723/897/725
f 724/898/726 723/897/725 722/896/724
f 723/897/725 724/898/726 668/899/670
f 158/165/158 418/483/419 159/166/159
f 725/900/727 159/166/159 418/483/419
f 159/166/159 725/900/727 726/901/728
f 727/902/729 726/901/728 725/900/727
f 726/901/728 727/902/729 728/903/730
f 729/904/731 728/903/730 727/902/729
f 728/903/730 729/904/731 730/905/732
f 731/906/733 730/905/732 729/904/731
f 730/905/732 731/906/733 732/907/734
f 157/164/157 159/166/159 637/908/639
f 726/901/728 637/908/639 159/166/159
f 637/908/639 726/901/728 566/909/567
f 728/903/730 566/909/567 726/901/728
f 566/909/567 728/903/730 567/910/568
f 730/905/732 567/910/568 728/903/730
f 567/910/568 730/905/732 568/911/569
f 732/907/734 568/911/569 730/905/732
f 568/911/569 732/907/734 569/912/570
f 501/588/502 733/913/735 502/589/503
f 734/914/736 502/589/503 733/913/735
f 502/589/503 734/914/736 735/915/737
f 736/916/738 735/915/737 734/914/736
f 735/915/737 736/916/738 737/917/739
f 738/918/740 737/917/739 736/916/738
f 737/917/739 738/918/740 739/919/741
f 740/920/742 739/919/741 738/918/740
f 739/919/741 740/920/742 741/921/743
f 11/922/11 308/923/308 609/924/610
f 310/925/310 609/924/610 308/923/308
f 609/924/610 310/925/310 611/926/612
f 517/927/518 611/926/612 310/925/310
f 611/926/612 517/927/518 612/928/613
f 516/929/517 612/928/613 517/927/518
f 612/928/613 516/929/517 10/930/10
f 514/931/515 10/930/10 516/929/517
f 10/930/10 514/931/515 11/922/11
f 308/923/308 11/922/11 514/931/515
f 506/593/507 570/932/618 507/594/508
f 686/933/688 507/594/508 570/932/618
f 507/594/508 686/933/688 623/934/625
f 688/935/690 623/934/625 686/933/688
f 623/934/625 688/935/690 624/936/626
f 690/937/692 624/936/626 688/935/690
f 624/936/626 690/937/692 626/938/628
f 4/4/4 626/938/628 690/937/692
f 626/938/628 4/4/4 627/939/629
f 6/6/6 627/939/629 4/4/4
f 336/370/336 742/940/744 337/371/337
f 743/941/745 337/371/337 742/940/744
f 337/371/337 743/941/745 698/863/700
f 744/942/746 698/863/700 743/941/745
f 698/863/700 744/942/746 507/862/508
f 745/943/747 507/862/508 744/942/746
f 507/862/508 745/943/747 505/944/506
f 746/945/748 505/944/506 745/943/747
f 505/944/506 746/945/748 503/946/504
f 6/947/6 503/946/504 746/945/748
f 113/120/113 272/299/272 114/121/114
f 274/298/274 114/121/114 272/299/272
f 114/121/114 274/298/274 369/414/369
f 550/646/551 369/414/369 274/298/274
f 369/414/369 550/646/551 747/948/749
f 552/648/553 747/948/749 550/646/551
f 747/948/749 552/648/553 748/949/750
f 554/650/555 748/949/750 552/648/553
f 748/949/750 554/650/555 749/950/751
f 556/652/557 749/950/751 554/650/555
f 282/307/282 138/951/138 280/305/280
f 137/820/137 280/305/280 138/951/138
f 280/305/280 137/820/137 750/952/752
f 669/822/671 750/952/752 137/820/137
f 750/952/752 669/822/671 751/953/753
f 670/824/672 751/953/753 669/822/671
f 751/953/753 670/824/672 752/954/754
f 671/826/673 752/954/754 670/824/672
f 752/954/754 671/826/673 753/955/755
f 672/828/674 753/955/755 671/826/673
f 754/956/756 755/957/757 756/958/758
f 757/959/759 756/958/758 755/957/757
f 756/958/758 757/959/759 758/960/760
f 759/961/761 758/960/760 757/959/759
f 758/960/760 759/961/761 760/962/762
f 401/463/401 760/962/762 759/961/761
f 760/962/762 401/463/401 761/963/763
f 400/462/400 761/963/763 401/463/401
f 761/963/763 400/462/400 762/964/764
f 398/460/398 762/964/764 400/462/400
f 172/179/172 763/965/765 173/180/173
f 764/966/766 173/180/173 763/965/765
f 173/180/173 764/966/766 649/782/651
f 765/967/767 649/782/651 764/966/766
f 649/782/651 765/967/767 651/784/653
f 766/968/768 651/784/653 765/967/767
f 651/784/653 766/968/768 653/786/655
f 767/969/769 653/786/655 766/968/768
f 653/786/655 767/969/769 768/970/770
f 769/971/771 768/970/770 767/969/769
f 270/699/270 80/85/80 377/429/377
f 82/87/82 377/429/377 80/85/80
f 377/429/377 82/87/82 378/430/378
f 474/644/475 378/430/378 82/87/82
f 378/430/378 474/644/475 376/428/376
f 388/444/388 376/428/376 474/644/475
f 376/428/376 388/444/388 126/133/126
f 387/442/387 126/133/126 388/444/388
f 126/133/126 387/442/387 124/131/124
f 386/441/386 124/131/124 387/442/387
f 124/131/124 386/441/386 113/421/113
f 129/136/129 128/135/128 770/972/772
f 130/137/130 770/972/772 128/135/128
f 770/972/772 130/137/130 771/973/773
f 132/139/132 771/973/773 130/137/130
f 771/973/773 132/139/132 772/974/774
f 90/446/90 772/974/774 132/139/132
f 772/974/774 90/446/90 773/975/775
f 89/976/89 773/975/775 90/446/90
f 773/975/775 89/976/89 264/284/264
f 361/977/361 264/284/264 89/976/89
f 264/284/264 361/977/361 78/286/78
f 755/957/757 715/889/717 757/959/759
f 717/891/719 757/959/759 715/889/717
f 757/959/759 717/891/719 759/961/761
f 719/893/721 759/961/761 717/891/719
f 759/961/761 719/893/721 401/463/401
f 721/895/723 401/463/401 719/893/721
f 401/463/401 721/895/723 399/461/399
f 723/897/725 399/461/399 721/895/723
f 399/461/399 723/897/725 136/143/136
f 668/899/670 136/143/136 723/897/725
f 136/143/136 668/899/670 137/144/137
f 118/125/118 472/978/473 116/123/116
f 473/979/474 116/123/116 472/978/473
f 116/123/116 473/979/474 665/817/667
f 103/980/103 665/817/667 473/979/474
f 665/817/667 103/980/103 666/818/668
f 63/63/63 666/818/668 103/980/103
f 666/818/668 63/63/63 667/819/669
f 62/62/62 667/819/669 63/63/63
f 667/819/669 62/62/62 379/431/379
f 84/89/84 379/431/379 62/62/62
f 379/431/379 84/89/84 258/432/258
f 83/88/83 258/432/258 84/89/84
f 774/981/776 438/503/439 775/982/777
f 437/502/438 775/982/777 438/503/439
f 775/982/777 437/502/438 776/983/778
f 435/500/436 776/983/778 437/502/438
f 776/983/778 435/500/436 777/984/779
f 434/499/435 777/984/779 435/500/436
f 777/984/779 434/499/435 778/985/780
f 440/505/441 778/985/780 434/499/435
f 778/985/780 440/505/441 779/986/781
f 439/504/440 779/986/781 440/505/441
f 779/986/781 439/504/440 774/981/776
f 438/503/439 774/981/776 439/504/440
f 780/987/782 775/982/777 781/988/783
f 776/983/778 781/988/783 775/982/777
f 781/988/783 776/983/778 782/989/784
f 777/984/779 782/989/784 776/983/778
f 782/989/784 777/984/779 783/990/785
f 778/985/780 783/990/785 777/984/779
f 783/990/785 778/985/780 784/991/786
f 779/986/781 784/991/786 778/985/780
f 784/991/786 779/986/781 785/992/787
f 774/981/776 785/992/787 779/986/781
f 785/992/787 774/981/776 780/987/782
f 775/982/777 780/987/782 774/981/776
f 694/866/696 34/34/34 701/867/703
f 222/232/222 701/867/703 34/34/34
f 701/867/703 222/232/222 702/869/704
f 223/233/223 702/869/704 222/232/222
f 702/869/704 223/233/223 703/871/705
f 585/687/586 703/871/705 223/233/223
f 703/871/705 585/687/586 35/35/35
f 586/688/587 35/35/35 585/687/586
f 35/35/35 586/688/587 36/36/36
f 463/532/464 36/36/36 586/688/587
f 36/36/36 463/532/464 532/623/533
f 216/533/216 532/623/533 463/532/464
f 532/623/533 216/533/216 531/622/532
f 113/294/113 386/993/386 271/295/271
f 110/116/110 271/295/271 386/993/386
f 271/295/271 110/116/110 710/884/712
f 109/115/109 710/884/712 110/116/110
f 710/884/712 109/115/109 711/885/713
f 596/698/597 711/885/713 109/115/109
f 711/885/713 596/698/597 712/886/714
f 595/697/596 712/886/714 596/698/597
f 712/886/714 595/697/596 713/887/715
f 59/59/59 713/887/715 595/697/596
f 713/887/715 59/59/59 714/888/716
f 58/58/58 714/888/716 59/59/59
f 714/888/716 58/58/58 352/874/352
f 375/427/375 476/994/477 377/429/377
f 123/130/123 377/429/377 476/994/477
f 377/429/377 123/130/123 597/700/598
f 122/129/122 597/700/598 123/130/123
f 597/700/598 122/129/122 598/701/599
f 786/995/788 598/701/599 122/129/122
f 598/701/599 786/995/788 600/703/601
f 787/996/789 600/703/601 786/995/788
f 600/703/601 787/996/789 599/702/600
f 788/997/790 599/702/600 787/996/789
f 599/702/600 788/997/790 266/287/266
f 263/283/263 266/287/266 788/997/790
f 266/287/266 263/283/263 267/288/267
f 202/209/202 318/521/318 201/208/201
f 454/519/455 201/208/201 318/521/318
f 201/208/201 454/519/455 205/212/205
f 452/517/453 205/212/205 454/519/455
f 205/212/205 452/517/453 203/210/203
f 451/516/452 203/210/203 452/517/453
f 203/210/203 451/516/452 610/717/611
f 455/522/456 610/717/611 451/516/452
f 610/717/611 455/522/456 608/715/609
f 206/213/206 608/715/609 455/522/456
f 608/715/609 206/213/206 12/12/12
f 204/211/204 12/12/12 206/213/206
f 12/12/12 204/211/204 10/10/10
f 612/719/613 10/10/10 204/211/204
f 764/966/766 169/176/169 765/967/767
f 166/173/166 765/967/767 169/176/169
f 765/967/767 166/173/166 766/968/768
f 168/175/168 766/968/768 166/173/166
f 766/968/768 168/175/168 767/969/769
f 644/776/646 767/969/769 168/175/168
f 767/969/769 644/776/646 769/971/771
f 642/774/644 769/971/771 644/776/646
f 769/971/771 642/774/644 789/998/791
f 640/772/642 789/998/791 642/774/644
f 789/998/791 640/772/642 565/666/566
f 638/770/640 565/666/566 640/772/642
f 565/666/566 638/770/640 566/667/567
f 637/769/639 566/667/567 638/770/640
f 118/415/118 369/414/369 471/547/472
f 747/948/749 471/547/472 369/414/369
f 471/547/472 747/948/749 111/118/111
f 748/949/750 111/118/111 747/948/749
f 111/118/111 748/949/750 112/119/112
f 749/950/751 112/119/112 748/949/750
f 112/119/112 749/950/751 103/117/103
f 556/652/557 103/117/103 749/950/751
f 103/117/103 556/652/557 100/999/100
f 555/651/556 100/999/100 556/652/557
f 100/999/100 555/651/556 105/111/105
f 553/649/554 105/111/105 555/651/556
f 105/111/105 553/649/554 106/112/106
f 551/647/552 106/112/106 553/649/554
f 106/112/106 551/647/552 276/301/276
f 53/479/53 52/585/52 413/477/414
f 499/586/500 413/477/414 52/585/52
f 413/477/414 499/586/500 411/475/412
f 498/584/499 411/475/412 499/586/500
f 411/475/412 498/584/499 790/1000/792
f 497/583/498 790/1000/792 498/584/499
f 790/1000/792 497/583/498 430/495/431
f 791/1001/793 430/495/431 497/583/498
f 430/495/431 791/1001/793 432/497/433
f 792/1002/794 432/497/433 791/1001/793
f 432/497/433 792/1002/794 658/791/660
f 793/1003/795 658/791/660 792/1002/794
f 658/791/660 793/1003/795 657/790/659
f 794/1004/796 657/790/659 793/1003/795
f 657/790/659 794/1004/796 659/792/661
f 297/325/297 301/1005/301 299/327/299
f 300/1006/300 299/327/299 301/1005/301
f 299/327/299 300/1006/300 295/323/295
f 296/324/296 295/323/295 300/1006/300
f 295/323/295 296/324/296 294/322/294
f 298/326/298 294/322/294 296/324/296
f 294/322/294 298/326/298 292/320/292
f 299/327/299 292/320/292 298/326/298
f 292/320/292 299/327/299 184/191/184
f 295/323/295 184/191/184 299/327/299
f 184/191/184 295/323/295 185/192/185
f 293/321/293 185/192/185 295/323/295
f 185/192/185 293/321/293 183/190/183
f 292/320/292 183/190/183 293/321/293
f 183/190/183 292/320/292 184/191/184
f 70/71/70 68/69/68 71/72/71
f 67/68/67 71/72/71 68/69/68
f 71/72/71 67/68/67 707/879/709
f 65/66/65 707/879/709 67/68/67
f 707/879/709 65/66/65 708/880/710
f 64/65/64 708/880/710 65/66/65
f 708/880/710 64/65/64 709/881/711
f 61/64/61 709/881/711 64/65/64
f 709/881/711 61/64/61 542/634/543
f 539/1007/540 542/634/543 61/64/61
f 542/634/543 539/1007/540 543/635/544
f 353/392/353 543/635/544 539/1007/540
f 543/635/544 353/392/353 545/637/546
f 352/391/352 545/637/546 353/392/353
f 545/637/546 352/391/352 547/639/548
f 58/271/58 547/639/548 352/391/352
f 391/656/391 370/418/370 557/657/558
f 372/420/372 557/657/558 370/418/370
f 557/657/558 372/420/372 558/659/559
f 127/134/127 558/659/559 372/420/372
f 558/659/559 127/134/127 559/660/560
f 129/136/129 559/660/560 127/134/127
f 559/660/560 129/136/129 122/129/122
f 770/972/772 122/129/122 129/136/129
f 122/129/122 770/972/772 786/995/788
f 771/973/773 786/995/788 770/972/772
f 786/995/788 771/973/773 787/996/789
f 772/974/774 787/996/789 771/973/773
f 787/996/789 772/974/774 788/997/790
f 773/975/775 788/997/790 772/974/774
f 788/997/790 773/975/775 263/283/263
f 264/284/264 263/283/263 773/975/775
f 174/181/174 102/1008/102 175/182/175
f 101/1009/101 175/182/175 102/1008/102
f 175/182/175 101/1009/101 795/1010/797
f 601/1011/602 795/1010/797 101/1009/101
f 795/1010/797 601/1011/602 796/1012/798
f 602/836/603 796/1012/798 601/1011/602
f 796/1012/798 602/836/603 797/1013/799
f 678/837/680 797/1013/799 602/836/603
f 797/1013/799 678/837/680 798/1014/800
f 485/571/486 798/1014/800 678/837/680
f 798/1014/800 485/571/486 799/1015/801
f 151/158/151 799/1015/801 485/571/486
f 799/1015/801 151/158/151 800/1016/802
f 153/160/153 800/1016/802 151/158/151
f 800/1016/802 153/160/153 801/1017/803
f 410/474/411 801/1017/803 153/160/153
f 9/9/9 8/8/8 21/21/21
f 313/345/313 21/21/21 8/8/8
f 21/21/21 313/345/313 699/864/701
f 315/347/315 699/864/701 313/345/313
f 699/864/701 315/347/315 802/1018/804
f 512/599/513 802/1018/804 315/347/315
f 802/1018/804 512/599/513 7/7/7
f 511/598/512 7/7/7 512/599/513
f 7/7/7 511/598/512 8/8/8
f 509/596/510 8/8/8 511/598/512
f 8/8/8 509/596/510 313/345/313
f 508/595/509 313/345/313 509/596/510
f 313/345/313 508/595/509 314/346/314
f 309/341/309 314/346/314 508/595/509
f 314/346/314 309/341/309 513/600/514
f 308/340/308 513/600/514 309/341/309
f 513/600/514 308/340/308 514/601/515
f 135/142/135 283/308/283 133/140/133
f 281/306/281 133/140/133 283/308/283
f 133/140/133 281/306/281 803/1019/805
f 280/305/280 803/1019/805 281/306/281
f 803/1019/805 280/305/280 133/140/133
f 750/952/752 133/140/133 280/305/280
f 133/140/133 750/952/752 134/141/134
f 751/953/753 134/141/134 750/952/752
f 134/141/134 751/953/753 135/142/135
f 752/954/754 135/142/135 751/953/753
f 135/142/135 752/954/754 283/308/283
f 753/955/755 283/308/283 752/954/754
f 283/308/283 753/955/755 282/307/282
f 672/828/674 282/307/282 753/955/755
f 282/307/282 672/828/674 138/951/138
f 560/829/561 138/951/138 672/828/674
f 138/951/138 560/829/561 136/1020/136
f 147/154/147 146/153/146 754/956/756
f 632/762/634 754/956/756 146/153/146
f 754/956/756 632/762/634 755/957/757
f 634/764/636 755/957/757 632/762/634
f 755/957/757 634/764/636 715/889/717
f 636/766/638 715/889/717 634/764/636
f 715/889/717 636/766/638 716/890/718
f 804/1021/806 716/890/718 636/766/638
f 716/890/718 804/1021/806 718/892/720
f 805/1022/807 718/892/720 804/1021/806
f 718/892/720 805/1022/807 720/894/722
f 806/1023/808 720/894/722 805/1022/807
f 720/894/722 806/1023/808 722/896/724
f 564/665/565 722/896/724 806/1023/808
f 722/896/724 564/665/565 724/898/726
f 563/664/564 724/898/726 564/665/565
f 724/898/726 563/664/564 668/899/670
f 157/164/157 569/912/570 158/165/158
f 732/907/734 158/165/158 569/912/570
f 158/165/158 732/907/734 417/482/418
f 731/906/733 417/482/418 732/907/734
f 417/482/418 731/906/733 415/480/416
f 729/904/731 415/480/416 731/906/733
f 415/480/416 729/904/731 154/161/154
f 727/902/729 154/161/154 729/904/731
f 154/161/154 727/902/729 155/162/155
f 725/900/727 155/162/155 727/902/729
f 155/162/155 725/900/727 156/163/156
f 418/483/419 156/163/156 725/900/727
f 156/163/156 418/483/419 807/1024/809
f 416/481/417 807/1024/809 418/483/419
f 807/1024/809 416/481/417 156/163/156
f 415/480/416 156/163/156 416/481/417
f 156/163/156 415/480/416 154/161/154
f 188/195/188 808/1025/810 186/193/186
f 809/1026/811 186/193/186 808/1025/810
f 186/193/186 809/1026/811 187/194/187
f 810/1027/812 187/194/187 809/1026/811
f 187/194/187 810/1027/812 188/195/188
f 811/1028/813 188/195/188 810/1027/812
f 188/195/188 811/1028/813 808/1025/810
f 305/335/305 808/1025/810 811/1028/813
f 808/1025/810 305/335/305 809/1026/811
f 303/333/303 809/1026/811 305/335/305
f 809/1026/811 303/333/303 810/1027/812
f 302/332/302 810/1027/812 303/333/303
f 810/1027/812 302/332/302 811/1028/813
f 306/1029/306 811/1028/813 302/332/302
f 811/1028/813 306/1029/306 305/335/305
f 307/1030/307 305/335/305 306/1029/306
f 305/335/305 307/1030/307 304/334/304
f 570/671/571 285/313/285 429/494/430
f 287/315/287 429/494/430 285/313/285
f 429/494/430 287/315/287 430/495/431
f 288/316/288 430/495/431 287/315/287
f 430/495/431 288/316/288 790/1000/792
f 496/582/497 790/1000/792 288/316/288
f 790/1000/792 496/582/497 411/475/412
f 152/159/152 411/475/412 496/582/497
f 411/475/412 152/159/152 412/476/413
f 151/158/151 412/476/413 152/159/152
f 412/476/413 151/158/151 414/478/415
f 484/570/485 414/478/415 151/158/151
f 414/478/415 484/570/485 676/834/678
f 482/568/483 676/834/678 484/570/485
f 676/834/678 482/568/483 677/835/679
f 481/567/482 677/835/679 482/568/483
f 677/835/679 481/567/482 404/467/404
f 149/156/149 404/467/404 481/567/482
f 195/202/195 197/204/197 459/527/460
f 329/363/329 459/527/460 197/204/197
f 459/527/460 329/363/329 458/526/459
f 327/361/327 458/526/459 329/363/329
f 458/526/459 327/361/327 457/525/458
f 326/360/326 457/525/458 327/361/327
f 457/525/458 326/360/326 617/731/619
f 521/609/522 617/731/619 326/360/326
f 617/731/619 521/609/522 324/356/324
f 522/610/523 324/356/324 521/609/522
f 324/356/324 522/610/523 325/358/325
f 191/198/191 325/358/325 522/610/523
f 325/358/325 191/198/191 519/607/520
f 193/200/193 519/607/520 191/198/191
f 519/607/520 193/200/193 520/608/521
f 194/201/194 520/608/521 193/200/193
f 520/608/521 194/201/194 319/351/319
f 192/199/192 319/351/319 194/201/194
f 319/351/319 192/199/192 321/353/321
f 518/605/519 321/353/321 192/199/192
f 321/353/321 518/605/519 332/366/332
f 342/376/342 528/616/529 213/220/213
f 211/218/211 213/220/213 528/616/529
f 213/220/213 211/218/211 214/221/214
f 212/219/212 214/221/214 211/218/211
f 214/221/214 212/219/212 529/617/530
f 210/217/210 529/617/530 212/219/212
f 529/617/530 210/217/210 530/618/531
f 209/216/209 530/618/531 210/217/210
f 530/618/531 209/216/209 217/620/217
f 583/685/584 217/620/217 209/216/209
f 217/620/217 583/685/584 33/33/33
f 582/684/583 33/33/33 583/685/584
f 33/33/33 582/684/583 660/797/662
f 581/683/582 660/797/662 582/684/583
f 660/797/662 581/683/582 464/534/465
f 219/228/219 464/534/465 581/683/582
f 464/534/465 219/228/219 338/372/338
f 221/230/221 338/372/338 219/228/219
f 338/372/338 221/230/221 339/373/339
f 28/28/28 339/373/339 221/230/221
f 339/373/339 28/28/28 341/375/341
f 30/30/30 341/375/341 28/28/28
f 22/22/22 695/861/697 23/23/23
f 527/615/528 23/23/23 695/861/697
f 23/23/23 527/615/528 697/858/699
f 526/614/527 697/858/699 527/615/528
f 697/858/699 526/614/527 700/865/702
f 524/612/525 700/865/702 526/614/527
f 700/865/702 524/612/525 333/367/333
f 26/26/26 333/367/333 524/612/525
f 333/367/333 26/26/26 334/368/334
f 25/25/25 334/368/334 26/26/26
f 334/368/334 25/25/25 336/370/336
f 697/858/699 336/370/336 25/25/25
f 336/370/336 697/858/699 742/940/744
f 700/865/702 742/940/744 697/858/699
f 742/940/744 700/865/702 743/941/745
f 699/864/701 743/941/745 700/865/702
f 743/941/745 699/864/701 744/942/746
f 802/1018/804 744/942/746 699/864/701
f 744/942/746 802/1018/804 745/943/747
f 7/7/7 745/943/747 802/1018/804
f 745/943/747 7/7/7 746/945/748
f 9/9/9 746/945/748 7/7/7
f 746/945/748 9/9/9 6/947/6
f 627/741/629 6/947/6 9/9/9
f 801/1017/803 570/671/571 800/1016/802
f 571/672/572 800/1016/802 570/671/571
f 800/1016/802 571/672/572 799/1015/801
f 572/673/573 799/1015/801 571/672/572
f 799/1015/801 572/673/573 798/1014/800
f 573/674/574 798/1014/800 572/673/573
f 798/1014/800 573/674/574 797/1013/799
f 433/498/434 797/1013/799 573/674/574
f 797/1013/799 433/498/434 796/1012/798
f 432/497/433 796/1012/798 433/498/434
f 796/1012/798 432/497/433 795/1010/797
f 658/791/660 795/1010/797 432/497/433
f 795/1010/797 658/791/660 175/182/175
f 489/575/490 175/182/175 658/791/660
f 175/182/175 489/575/490 497/583/498
f 491/577/492 497/583/498 489/575/490
f 497/583/498 491/577/492 791/1001/793
f 493/579/494 791/1001/793 491/577/492
f 791/1001/793 493/579/494 792/1002/794
f 494/580/495 792/1002/794 493/579/494
f 792/1002/794 494/580/495 793/1003/795
f 654/787/656 793/1003/795 494/580/495
f 793/1003/795 654/787/656 794/1004/796
f 652/796/654 794/1004/796 654/787/656
f 794/1004/796 652/796/654 659/792/661
f 172/1031/172 659/792/661 652/796/654
f 659/792/661 172/1031/172 171/793/171
f 172/179/172 653/786/655 763/965/765
f 768/970/770 763/965/765 653/786/655
f 763/965/765 768/970/770 764/966/766
f 769/971/771 764/966/766 768/970/770
f 764/966/766 769/971/771 169/176/169
f 789/998/791 169/176/169 769/971/771
f 169/176/169 789/998/791 170/177/170
f 565/666/566 170/177/170 789/998/791
f 170/177/170 565/666/566 645/778/647
f 160/167/160 645/778/647 565/666/566
f 645/778/647 160/167/160 646/779/648
f 162/169/162 646/779/648 160/167/160
f 646/779/648 162/169/162 647/780/649
f 423/488/424 647/780/649 162/169/162
f 647/780/649 423/488/424 427/492/428
f 422/487/423 427/492/428 423/488/424
f 427/492/428 422/487/423 428/493/429
f 420/485/421 428/493/429 422/487/423
f 428/493/429 420/485/421 812/1032/814
f 419/484/420 812/1032/814 420/485/421
f 812/1032/814 419/484/420 163/170/163
f 488/574/489 163/170/163 419/484/420
f 163/170/163 488/574/489 164/171/164
f 487/573/488 164/171/164 488/574/489
f 164/171/164 487/573/488 165/172/165
f 486/572/487 165/172/165 487/573/488
f 165/172/165 486/572/487 163/170/163
f 423/488/424 163/170/163 486/572/487
f 163/170/163 423/488/424 812/1032/814
f 162/169/162 812/1032/814 423/488/424
f 812/1032/814 162/169/162 428/493/429
f 161/168/161 428/493/429 162/169/162
f 428/493/429 161/168/161 426/491/427
f 569/670/570 426/491/427 161/168/161
f 426/491/427 569/670/570 157/777/157
f 635/765/637 145/152/145 636/766/638
f 147/154/147 636/766/638 145/152/145
f 636/766/638 147/154/147 804/1021/806
f 754/956/756 804/1021/806 147/154/147
f 804/1021/806 754/956/756 805/1022/807
f 756/958/758 805/1022/807 754/956/756
f 805/1022/807 756/958/758 806/1023/808
f 758/960/760 806/1023/808 756/958/758
f 806/1023/808 758/960/760 564/665/565
f 760/962/762 564/665/565 758/960/760
f 564/665/565 760/962/762 139/146/139
f 761/963/763 139/146/139 760/962/762
f 139/146/139 761/963/763 140/147/140
f 762/964/764 140/147/140 761/963/763
f 140/147/140 762/964/764 395/457/395
f 398/460/398 395/457/395 762/964/764
f 395/457/395 398/460/398 396/458/396
f 397/459/397 396/458/396 398/460/398
f 396/458/396 397/459/397 478/564/479
f 813/1033/815 478/564/479 397/459/397
f 478/564/479 813/1033/815 479/565/480
f 142/149/142 479/565/480 813/1033/815
f 479/565/480 142/149/142 480/566/481
f 144/151/144 480/566/481 142/149/142
f 480/566/481 144/151/144 392/454/392
f 143/150/143 392/454/392 144/151/144
f 392/454/392 143/150/143 393/455/393
f 142/149/142 393/455/393 143/150/143
f 393/455/393 142/149/142 395/457/395
f 813/1033/815 395/457/395 142/149/142
f 395/457/395 813/1033/815 140/147/140
f 397/459/397 140/147/140 813/1033/815
f 140/147/140 397/459/397 141/148/141
f 399/461/399 141/148/141 397/459/397
f 141/148/141 399/461/399 560/661/561
f 136/143/136 560/661/561 399/461/399
